dataset_index,sid,season,name,recurv_time,box_hit,minimum_proxy_distance_km,recurv_index,recurv_lat,recurv_lon,legacy_pre_zonal_km_per_increment,legacy_post_zonal_km_per_increment
5362,1950224N17305,1950,ABLE,1950-08-20 00:00:00,True,26.364536080526893,64,32.79999923706055,-75.19999694824219,1.9691552949499227,42.7948506036232
5369,1950234N11334,1950,CHARLIE,1950-09-03 21:00:00,False,483.5204553515146,107,36.4349365234375,-60.437198638916016,13.503243017741367,31.21269669498837
5372,1950243N15304,1950,DOG,1950-09-11 15:00:00,False,551.8907706095681,95,37.1793212890625,-71.73108673095703,4.4498576398759635,41.51038994988401
5388,1950270N25309,1950,GEORGE,1950-10-04 00:00:00,True,120.53223333215256,54,34.20000076293945,-68.0,-18.82118437248192,31.11830002530361
5569,1952231N15341,1952,ABLE,1952-08-31 18:00:00,False,410.07493252311394,108,35.400001525878906,-80.5999984741211,-4.943275604469086,33.60394349656558
5575,1952244N15306,1952,BAKER,1952-09-06 09:00:00,True,194.853961307817,49,33.96261215209961,-70.08002471923828,13.923658479734405,32.1319801940048
5661,1953223N23286,1953,BARBARA,1953-08-14 12:00:00,True,98.6878763656687,27,36.599998474121094,-75.69999694824219,6.798959495484683,40.289584556894965
5669,1953240N14340,1953,CAROL,1953-09-07 03:00:00,True,310.00446323173236,79,37.914100646972656,-70.40648651123047,-25.072996697717624,45.14052959442006
5687,1953277N23279,1953,NOT_NAMED,1953-10-05 00:00:00,True,92.99865867222549,10,25.30000114440918,-79.69999694824219,13.417812179468978,30.712179025790277
5689,1953280N21274,1953,HAZEL,1953-10-09 06:00:00,True,331.4535280782381,16,25.200000762939453,-84.4000015258789,26.32322734907975,66.13052619563467
5728,1954169N26279,1954,NOT_NAMED,1954-06-20 09:00:00,False,350.26370304139795,19,27.80750274658203,-79.82992553710938,12.364988227222609,31.900484499251093
5758,1954244N21291,1954,DOLLY,1954-09-01 18:00:00,True,205.22365813321758,10,31.700002670288086,-69.80000305175781,-1.5451454764651622,30.163594938830457
5763,1954248N20295,1954,EDNA,1954-09-10 18:00:00,True,316.3291005377174,46,32.70000076293945,-75.5,11.01359368629289,32.262438776427786
5858,1955219N16319,1955,DIANE,1955-08-18 09:00:00,True,390.3343411217255,89,38.33726501464844,-78.54773712158203,-8.999849144958807,41.092964206790924
5875,1955253N14319,1955,IONE,1955-09-20 00:00:00,True,93.0053479465757,79,36.0,-76.4000015258789,2.2091306183863093,34.482819846955586
5981,1956222N13313,1956,BETSY,1956-08-16 03:00:00,False,502.1627220103305,55,29.56974220275879,-75.47935485839844,24.359508932111563,33.67825959608024
5994,1956251N25285,1956,CARLA,1956-09-09 00:00:00,True,308.9071081406497,16,30.69999885559082,-72.5,16.347822778760957,30.50873554718438
6004,1956265N18274,1956,FLOSSY,1956-09-24 00:00:00,True,193.7279841273853,26,28.0,-90.90000915527344,1.324714562007283,37.90791744116045
6094,1957264N32294,1957,FRIEDA,1957-09-24 06:00:00,True,51.38037715275875,30,30.399999618530273,-72.0,-3.3797111240222315,38.999814711721136
6184,1958223N12340,1958,CLEO,1958-08-19 00:00:00,False,529.6309220493624,62,35.79999923706055,-55.70000076293945,12.038018255241372,48.78892076527421
6188,1958236N25287,1958,DAISY,1958-08-28 21:00:00,False,596.441288637582,41,35.49191665649414,-74.08733367919922,11.715496357457573,33.27927159399082
6208,1958264N17308,1958,HELENE,1958-09-27 12:00:00,True,40.26095455624119,50,33.099998474121094,-78.5,-17.52464029949776,40.6888056395472
6216,1958289N21291,1958,NOT_NAMED,1958-10-16 18:00:00,True,285.5295006540239,8,25.500001907348633,-66.80000305175781,24.649907091789014,37.07009551830213
6273,1959169N26274,1959,NOT_NAMED,1959-06-20 18:00:00,True,29.021504311199667,23,45.599998474121094,-63.0,-35.994339835546945,57.591885585226876
6281,1959186N32281,1959,CINDY,1959-07-10 00:00:00,True,119.27825582419787,45,34.5,-79.9000015258789,-4.078946616488015,35.50787712024275
6313,1959252N32293,1959,NOT_NAMED,1959-09-11 03:00:00,True,160.78924109042225,17,37.86417007446289,-70.28375244140625,-18.034926282948184,38.96927728376849
6389,1960210N28275,1960,BRENDA,1960-07-28 21:00:00,False,570.0587186905364,9,28.074325561523438,-85.26107788085938,2.4657404300559476,43.78079859503187
6410,1960243N10337,1960,DONNA,1960-09-11 06:00:00,False,456.7254936713021,105,28.299999237060547,-81.69999694824219,-6.482272196435687,32.58096810455077
6546,1961273N16302,1961,FRANCES,1961-10-05 12:00:00,True,449.315312125724,44,28.399999618530273,-70.9000015258789,14.491753970227181,30.628722792850148
6554,1961290N20282,1961,GERDA,1961-10-18 21:00:00,True,349.67952925588014,15,25.0347843170166,-76.80948638916016,17.80798141293397,55.084476602178384
6618,1962180N32282,1962,NOT_NAMED,1962-07-01 03:00:00,True,91.84557914852708,17,34.85211944580078,-75.46785736083984,9.078473495013794,36.48762204333435
6662,1962272N15311,1962,DAISY,1962-10-06 00:00:00,True,240.6026152374515,54,29.200000762939453,-69.30000305175781,2.9633436697193387,30.105605323691528
6666,1962287N23287,1962,ELLA,1962-10-19 03:00:00,True,107.21313652306918,39,30.679729461669922,-75.87501525878906,-4.817916958695789,33.469269709909426
6756,1963213N11321,1963,ARLENE,1963-08-08 15:00:00,False,535.8800111060029,63,28.484909057617188,-69.62972259521484,12.266923035858706,34.10882030109523
6760,1963232N11313,1963,BEULAH,1963-08-26 00:00:00,False,389.1217822123903,48,29.0,-60.099998474121094,-1.4972590232352982,35.682046542171896
6793,1963291N26288,1963,GINNY,1963-10-25 15:00:00,False,368.55853667780974,63,31.97248649597168,-79.35230255126953,2.3664534473230003,32.948461954364255
6859,1964205N34279,1964,NOT_NAMED,1964-07-24 21:00:00,True,230.4815117577991,15,36.49222946166992,-74.60987091064453,15.664751606665755,33.50674476974752
6876,1964234N13316,1964,CLEO,1964-08-31 00:00:00,True,231.64201662206327,88,35.099998474121094,-81.0999984741211,16.409190010309416,33.19968801927174
6883,1964242N14343,1964,DORA,1964-09-12 12:00:00,True,88.5640461738967,120,31.400001525878906,-84.19999694824219,6.599742412622671,37.07527084399267
6887,1964248N18324,1964,ETHEL,1964-09-12 18:00:00,False,484.59521099715823,68,31.900001525878906,-66.9000015258789,-1.284025684969757,37.51109668901431
6893,1964257N15316,1964,GLADYS,1964-09-23 09:00:00,True,164.55353549858089,81,35.96211242675781,-72.06603240966797,-0.04816690936596091,33.38529394606911
6984,1965165N23269,1965,NOT_NAMED,1965-06-14 18:00:00,True,428.414418328692,8,27.100000381469727,-90.20000457763672,15.02342268733035,37.25093633053955
7024,1965247N36306,1965,NOT_NAMED,1965-09-04 15:00:00,False,580.3011787671669,5,36.39981460571289,-52.872379302978516,29.19395018802468,35.7480570325338
7099,1966181N29296,1966,BECKY,1966-06-30 18:00:00,True,396.9188646701415,6,31.200000762939453,-63.79999923706055,0.8379242812790013,35.77267337519374
7101,1966194N17303,1966,CELIA,1966-07-19 09:00:00,True,92.10930879261304,51,26.599910736083984,-76.05235290527344,5.000133099941163,37.12014715551458
7279,1967241N16324,1967,ARLENE,1967-09-02 18:00:00,True,329.8826823580827,40,36.099998474121094,-56.599998474121094,-4.325173976105975,33.31716525491887
7318,1967287N27289,1967,NOT_NAMED,1967-10-17 15:00:00,False,458.1862869742434,27,34.249874114990234,-73.38249206542969,-14.238809290346953,36.32142221156896
7432,1968254N32282,1968,NOT_NAMED,1968-09-12 06:00:00,True,64.633989620385,19,47.79999923706055,-70.9000015258789,26.769176510115987,36.84392677766717
7449,1968288N14280,1968,GLADYS,1968-10-19 03:00:00,True,400.10983891663625,45,28.6182861328125,-82.8000259399414,24.573098163568115,30.60956848233389
7519,1969206N09333,1969,ANNA,1969-08-02 21:00:00,False,563.1064842016102,69,33.21686935424805,-74.3438949584961,-9.674111239427654,45.60883105941473
7529,1969223N26288,1969,BLANCHE,1969-08-11 09:00:00,True,116.01157636965418,5,31.28225326538086,-71.43000030517578,2.4189617767186253,39.47691001827631
7532,1969226N18280,1969,CAMILLE,1969-08-19 00:00:00,False,516.9755069894976,42,34.70000076293945,-90.0,-7.635525815059578,30.923787493166337
7533,1969227N13325,1969,DEBBIE,1969-08-21 12:00:00,True,72.16735502128225,56,28.399999618530273,-64.80000305175781,-10.519419134837035,38.398128179224244
7547,1969250N26280,1969,GERDA,1969-09-08 09:00:00,False,579.3256361572672,11,29.904781341552734,-79.34417724609375,19.48286854647787,38.259963877310504
7561,1969265N34288,1969,NOT_NAMED,1969-09-24 15:00:00,True,143.2348753990043,25,37.942466735839844,-65.39488220214844,11.120957562598747,34.815456015302644
7574,1969281N20292,1969,KARA,1969-10-10 15:00:00,False,496.5424140914385,25,29.14240837097168,-71.72976684570312,19.564520554508704,33.88386902935693
7679,1970220N14342,1970,NOT_NAMED,1970-08-17 00:00:00,True,142.91796233204047,76,32.20000076293945,-78.5,-0.18092031956083066,36.543112895486466
7825,1971186N34285,1971,ARLENE,1971-07-05 09:00:00,True,115.83514350915625,7,35.5423583984375,-74.02202606201172,20.596982350187545,31.489244113980433
7845,1971216N31297,1971,NOT_NAMED,1971-08-04 15:00:00,True,331.4535280782381,9,34.01216125488281,-64.88902282714844,-11.74038561550791,34.14571636190898
7853,1971223N27280,1971,BETH,1971-08-12 21:00:00,True,30.293467745923277,19,32.97266387939453,-75.67300415039062,16.47154497658704,30.272383378268366
8010,1972243N29282,1972,CARRIE,1972-09-03 18:00:00,False,433.84102991805315,42,40.599998474121094,-70.19999694824219,14.1129322096794,31.581477535226522
8124,1973183N26292,1973,ALICE,1973-07-05 15:00:00,True,70.18688144798094,31,37.53217697143555,-64.1427001953125,13.488689539816342,30.304493477169494
8182,1973289N16278,1973,GILDA,1973-10-23 15:00:00,True,91.08963325806596,59,25.62738037109375,-75.55985260009766,0.0,30.041213848132358
8405,1975178N28281,1975,AMY,1975-06-28 09:00:00,True,299.5979528123935,11,32.86494064331055,-78.4177017211914,7.118903588899353,39.46994885758443
8415,1975205N26292,1975,BLANCHE,1975-07-26 03:00:00,False,383.53886267431443,17,31.5921630859375,-74.88939666748047,-16.944113067482693,35.14530964996627
8454,1975261N18327,1975,FAYE,1975-09-27 15:00:00,False,587.5425093998431,75,36.802127838134766,-65.48609924316406,-34.55571249155788,44.05120370742442
8455,1975266N10325,1975,GLADYS,1975-10-02 00:00:00,True,192.1399757561024,74,31.0,-73.0,-25.025444866312366,47.23549845922791
8600,1976232N32292,1976,CANDICE,1976-08-20 03:00:00,True,338.2755681294523,13,39.25688171386719,-63.57438278198242,28.450425857145994,36.29565916020377
8853,1978242N26300,1978,ELLA,1978-09-03 06:00:00,True,157.21198427363652,34,33.0,-72.4000015258789,12.782273997603598,36.9804078904546
8973,1979213N17306,1979,NOT_NAMED,1979-08-04 12:00:00,True,51.78709621965466,32,36.599998474121094,-68.4000015258789,0.36585780182721883,32.27023685195549
8985,1979238N12324,1979,DAVID,1979-09-05 21:00:00,True,87.32469199459656,91,36.87721633911133,-79.83609771728516,18.19856251761321,35.100361517606444
9099,1980245N16322,1980,GEORGES,1980-09-06 15:00:00,True,250.2662368874945,45,32.26954650878906,-69.40839385986328,9.503883304079347,39.490834604415554
9216,1981244N30287,1981,EMILY,1981-09-03 15:00:00,False,518.428502142659,25,34.4946174621582,-65.56205749511719,-40.67106011753547,50.46797758358028
9339,1982257N20291,1982,DEBBY,1982-09-14 21:00:00,True,162.30836806438322,11,25.10024070739746,-71.4452896118164,-0.0358433656982573,37.602696348421986
9546,1984253N29283,1984,DIANA,1984-09-14 03:00:00,True,328.2185124024193,46,34.79985046386719,-78.31755065917969,-4.604701049478262,31.86352045731974
9561,1984281N24291,1984,JOSEPHINE,1984-10-14 15:00:00,True,416.9566695685071,59,36.46477508544922,-71.15272521972656,11.140577807919165,35.88822698411414
9647,1985197N29296,1985,ANA,1985-07-17 21:00:00,True,128.87420029003664,17,36.3474006652832,-67.11685180664062,-2.3184948061373136,30.82979169673326
9683,1985260N13336,1985,GLORIA,1985-09-27 05:30:00,True,48.11589799135589,86,35.20000076293945,-75.5999984741211,-0.06865445673817394,31.26513458828921
9997,1988235N15317,1988,CHRIS,1988-08-29 03:00:00,True,312.58882963931796,61,34.91972732543945,-80.93171691894531,-7.079892594593438,35.88228164759848
10122,1989212N15318,1989,DEAN,1989-08-07 15:00:00,True,12.929857427207638,59,38.41946029663086,-63.75662612915039,20.29006181180602,40.46688943139404
10143,1989243N12339,1989,GABRIELLE,1989-09-11 18:00:00,False,428.5147764728373,99,39.900001525878906,-61.29999923706055,2.8551422896129584,32.58602270414339
10148,1989254N13340,1989,HUGO,1989-09-22 15:00:00,True,278.40797701843627,100,37.101158142089844,-81.97063446044922,-49.596070671388524,31.378563350561222
10238,1990206N34285,1990,BERTHA,1990-07-29 00:00:00,True,162.46473485747353,36,30.200002670288086,-73.5999984741211,29.438560507080332,30.418756809477212
10256,1990236N13314,1990,GUSTAV,1990-08-31 12:00:00,False,503.5060274406555,58,31.700002670288086,-57.20000076293945,9.122022939370625,30.627807374542236
10280,1990279N36316,1990,LILI,1990-10-13 18:00:00,True,93.5027189270351,60,35.5,-72.0,2.587702415850572,36.61837817420019
10356,1991228N26286,1991,BOB,1991-08-18 15:00:00,True,97.85317756306982,21,32.204898834228516,-76.38697052001953,9.550528862563242,30.22872870590534
10391,1991302N44301,1991,NOT_NAMED,1991-10-31 15:00:00,False,456.2177014523786,23,37.15412139892578,-71.6507339477539,-64.41281643896833,33.636306914293456
10522,1992297N26299,1992,FRANCES,1992-10-24 00:00:00,False,440.6938701988583,12,29.0,-60.599998474121094,11.66250531279917,35.98097425204496
10606,1993251N25293,1993,FLOYD,1993-09-08 15:00:00,True,341.4169022937172,9,32.06206512451172,-69.63462829589844,-21.83546903773709,46.22998571881432
10708,1994229N11321,1994,CHRIS,1994-08-22 15:00:00,True,322.68551463510795,49,35.56187438964844,-62.783355712890625,-4.586934354140043,51.28524097134199
10785,1995154N17276,1995,ALLISON,1995-06-05 03:00:00,True,93.61875816976061,17,28.072336196899414,-85.90950012207031,2.4728275254089187,34.12590327851851
10787,1995186N32288,1995,BARRY,1995-07-08 00:00:00,True,104.45346720073863,22,34.0,-69.5999984741211,21.204182825125827,30.44859148883824
10790,1995193N17305,1995,CHANTAL,1995-07-18 03:00:00,True,383.73886697965315,49,32.10751724243164,-69.41004943847656,2.371079956217713,37.43321022849515
10801,1995220N14329,1995,FELIX,1995-08-17 18:00:00,True,167.2657007186366,78,36.5,-72.19999694824219,9.949642405265944,30.763553873556724
10810,1995235N13311,1995,IRIS,1995-09-03 03:00:00,False,546.5864468311545,94,32.71204376220703,-58.826324462890625,21.708867455145974,34.1686521844034
10815,1995241N11333,1995,LUIS,1995-09-09 12:00:00,True,123.39178000525976,94,31.0,-69.0999984741211,9.02188675073901,30.97434343295791
10905,1996187N10326,1996,BERTHA,1996-07-13 03:00:00,True,87.8012168011563,66,35.7977294921875,-77.34847259521484,16.725714559530843,33.34512355524943
10927,1996233N12340,1996,EDOUARD,1996-09-02 06:00:00,False,451.02793881162205,108,39.79999923706055,-69.4000015258789,14.294991511224728,36.83382603767949
10935,1996248N15319,1996,HORTENSE,1996-09-13 12:00:00,True,199.33858990628383,80,29.0,-70.9000015258789,11.677041400730676,30.08947730615975
10950,1996279N23264,1996,JOSEPHINE,1996-10-06 06:00:00,True,50.17194646347882,12,25.0,-94.50000762939453,22.381569065987364,53.08381067305115
11039,1997198N27267,1997,DANNY,1997-07-23 00:00:00,False,458.5417854800294,53,34.0,-86.0,11.870193279385553,30.802775748582622
11150,1998232N15312,1998,BONNIE,1998-08-27 18:00:00,True,345.67368586084683,67,35.400001525878906,-76.5999984741211,18.90906928092506,30.847330494884822
11154,1998236N13326,1998,DANIELLE,1998-09-01 03:00:00,True,335.0086215932142,63,31.329959869384766,-73.02253723144531,19.25120166535239,30.754453661502986
11157,1998244N22267,1998,EARL,1998-09-01 12:00:00,True,43.4396901685187,8,25.0,-93.10000610351562,13.308105509531625,30.955143777618026
11283,1999251N15314,1999,FLOYD,1999-09-16 06:00:00,True,50.06613577976072,69,33.70000076293945,-78.0,18.683105958207562,33.555383615371916
11286,1999255N13336,1999,GERT,1999-09-21 15:00:00,True,123.11140952510983,81,31.969846725463867,-62.40176010131836,7.189911847298694,32.6417230829539
11297,1999286N16278,1999,IRENE,1999-10-17 12:00:00,True,292.2334029969811,43,31.19999885559082,-79.69999694824219,0.804246629195392,35.11831678735203
11394,2000255N31289,2000,FLORENCE,2000-09-15 03:00:00,True,230.13284801024793,35,29.08954429626465,-72.6667251586914,14.542370794018264,38.7602141537139
11398,2000260N15308,2000,HELENE,2000-09-22 09:00:00,True,275.92359036890406,55,29.99970054626465,-86.98950958251953,-2.4679570084834896,43.00225653228638
11409,2000290N30289,2000,MICHAEL,2000-10-18 09:00:00,True,38.6781424735377,23,31.097299575805664,-70.65935516357422,2.391341252939139,30.71342013178107
11475,2001235N18296,2001,DEAN,2001-08-24 15:00:00,True,284.6007891356789,17,29.509872436523438,-70.51029205322266,2.491180274545419,31.15465844523402
11481,2001245N13326,2001,ERIN,2001-09-11 18:00:00,True,71.99245673474779,80,37.79999923706055,-65.0999984741211,10.101767438765284,34.98413452906255
11489,2001255N26276,2001,GABRIELLE,2001-09-14 03:00:00,True,129.56824910194624,19,25.50224494934082,-83.89414978027344,20.09412264017383,37.42729447785074
11496,2001265N25296,2001,HUMBERTO,2001-09-24 09:00:00,False,580.7096502085661,23,34.40729522705078,-66.59471893310547,14.012939552215666,31.832857041726708
11599,2002252N29289,2002,GUSTAV,2002-09-10 18:00:00,True,43.014544767265754,18,35.0,-75.4000015258789,3.243045037039857,33.50385993265587
11698,2003240N15329,2003,FABIAN,2003-09-05 21:00:00,False,519.2231244228198,73,32.61506271362305,-65.05299377441406,-4.865757457061493,30.123888426266006
11712,2003269N12322,2003,KATE,2003-10-06 15:00:00,False,399.26049413358925,87,36.049747467041016,-55.34381866455078,13.842581250484072,35.4323154894614
11785,2004214N30282,2004,ALEX,2004-08-02 21:00:00,False,430.1127753325542,17,32.09236526489258,-78.48728942871094,16.607254924656296,30.48805294442279
11801,2004238N11325,2004,FRANCES,2004-09-08 03:00:00,False,503.27638879554735,120,33.78208923339844,-84.55033111572266,11.678183702959707,34.214216542978036
11806,2004241N32282,2004,GASTON,2004-08-30 12:00:00,True,170.4604456137402,25,35.599998474121094,-78.69999694824219,13.297055001930662,37.68261955115639
11884,2005185N18273,2005,CINDY,2005-07-06 03:00:00,False,337.43019409320124,20,29.200000762939453,-90.10000610351562,2.4226603859958935,33.71242363810548
11891,2005203N25285,2005,FRANKLIN,2005-07-23 06:00:00,True,210.31974376789813,12,28.69999885559082,-76.0999984741211,9.646764602820452,31.811523950496877
11898,2005217N13327,2005,IRENE,2005-08-15 00:00:00,False,559.1003932561229,82,34.900001525878906,-69.5,8.730315756903666,35.643544366947765
11914,2005249N26281,2005,OPHELIA,2005-09-09 12:00:00,True,68.31897007584908,27,29.299999237060547,-79.0999984741211,3.5990763898828124,30.074985832520326
11987,2006161N20275,2006,ALBERTO,2006-06-12 03:00:00,True,48.28220789937805,15,25.377201080322266,-87.68194580078125,-0.005745274667842026,37.44669033337894
11997,2006198N37291,2006,NOT_NAMED,2006-07-17 03:00:00,True,19.016678286636942,5,38.67765426635742,-67.05245208740234,24.17591532201653,53.89913003337596
11998,2006200N32287,2006,BERYL,2006-07-20 21:00:00,True,93.8652919740425,19,39.419498443603516,-72.2081527709961,15.226739921357177,42.528249779974075
12021,2006247N14321,2006,FLORENCE,2006-09-11 12:00:00,True,63.180122819257946,62,32.400001525878906,-65.69999694824219,3.8326563066223893,33.482920900247095
12037,2006271N26307,2006,ISAAC,2006-10-01 18:00:00,True,100.23603747845183,32,35.20000076293945,-60.29999923706055,-7.4758479550229975,32.75918647995602
12136,2007297N18300,2007,NOEL,2007-11-01 17:45:00,True,377.4098066487304,72,25.0,-77.4000015258789,11.29465255287797,34.087558884537145
12195,2008201N32280,2008,CRISTOBAL,2008-07-20 18:00:00,True,507.0976345006392,14,34.5,-76.0999984741211,28.202220089457594,34.69612088782374
12213,2008241N19303,2008,HANNA,2008-09-06 09:00:00,True,52.89290714234958,77,34.58051300048828,-78.49800872802734,8.08193974688221,44.839026802679626
12224,2008269N21290,2008,KYLE,2008-09-28 03:00:00,True,230.164441038174,25,36.349639892578125,-69.5810775756836,-4.71918913066611,32.871054613772415
12306,2009227N12328,2009,BILL,2009-08-22 21:00:00,True,53.509483344708876,61,37.04221725463867,-68.73932647705078,-11.610440848620083,34.766942968103876
12402,2010236N12341,2010,EARL,2010-09-03 03:00:00,True,25.769628841097262,81,33.72758865356445,-74.59510803222656,-2.4815823239378023,34.3138559481439
12412,2010251N14337,2010,IGOR,2010-09-20 03:00:00,True,77.5273827459985,95,32.48979187011719,-65.5086441040039,-2.473992021254547,34.70177805388632
12497,2011233N15301,2011,IRENE,2011-08-28 00:00:00,True,322.3214909343362,59,36.70000076293945,-75.69999694824219,15.198504592692721,33.91721703470229
12501,2011240N10341,2011,KATIA,2011-09-08 21:00:00,False,480.39020592380973,95,34.834835052490234,-69.75947570800781,2.2714774261996156,36.053092994209784
12507,2011250N12324,2011,MARIA,2011-09-15 09:00:00,True,86.19065097229367,69,29.75994110107422,-68.12841033935547,22.2194853015883,35.580990069373506
12511,2011263N12323,2011,OPHELIA,2011-10-02 12:00:00,True,98.562278659181,98,37.400001525878906,-61.599998474121094,19.29697024113033,34.34616375469289
12526,2011310N29290,2011,SEAN,2011-11-10 12:00:00,False,563.1721066145432,36,30.200002670288086,-70.69999694824219,-5.279665084801173,30.85262750792868
12593,2012242N13333,2012,LESLIE,2012-09-10 06:00:00,True,107.85373089040841,102,35.099998474121094,-61.599998474121094,13.433213481148806,33.934727926359116
12613,2012287N15297,2012,RAFAEL,2012-10-16 12:00:00,False,488.34840672395967,30,27.600000381469727,-64.9000015258789,15.280850628103778,34.76518211329831
12772,2014180N32282,2014,ARTHUR,2014-07-03 15:00:00,True,82.8712242885819,39,32.33473205566406,-78.60184478759766,9.511796763813887,34.92296458500192
12785,2014210N10323,2014,BERTHA,2014-08-05 09:00:00,True,285.7004224486232,58,33.4017333984375,-73.04595184326172,9.56991687613247,45.77897041760778
12793,2014236N22288,2014,CRISTOBAL,2014-08-27 15:00:00,False,471.118397868007,31,31.934650421142578,-72.09667205810547,-16.796292371268805,35.09236785876209
12812,2014285N16305,2014,GONZALO,2014-10-17 03:00:00,True,153.18003998335206,46,27.977441787719727,-67.51480865478516,22.37662409909729,31.71027931866861
13093,2017224N22293,2017,GERT,2017-08-15 18:00:00,False,538.418763377781,30,33.20000076293945,-71.80000305175781,7.54735717338196,37.50457714531935
13115,2017277N11279,2017,NATE,2017-10-08 06:00:00,True,187.7929886824609,39,30.5,-88.9000015258789,-2.5469164599020884,33.48596864171784
13182,2018186N10325,2018,BERYL,2018-07-12 06:00:00,True,323.6622434686101,62,28.200000762939453,-73.0999984741211,11.012353673794657,33.384125092371335
13183,2018186N31292,2018,CHRIS,2018-07-10 09:00:00,True,71.07612528287996,41,32.627540588378906,-73.8376235961914,7.05321911350754,30.333264652914615
13237,2018280N18273,2018,MICHAEL,2018-10-10 15:00:00,True,219.24550042786635,31,29.37152862548828,-85.93452453613281,4.850634393592931,33.09194482564867
13310,2019236N10314,2019,DORIAN,2019-09-05 15:00:00,True,34.615384785722874,104,32.39961242675781,-79.09415435791016,11.832733400776704,30.334529527099757
13441,2020256N11329,2020,TEDDY,2020-09-21 06:00:00,True,77.95297058127225,72,29.700000762939453,-63.5,-17.15584198824653,32.10355165537153
13463,2020291N32305,2020,EPSILON,2020-10-24 06:00:00,False,459.31275941055395,62,36.79999923706055,-62.099998474121094,-11.40121915848091,33.94168918178379
13530,2021169N23268,2021,CLAUDETTE,2021-06-19 06:00:00,True,553.8349907926319,13,29.5,-90.80001068115234,2.4055278351986913,39.45555523029952
13534,2021182N09317,2021,ELSA,2021-07-07 21:00:00,False,536.952883070274,59,30.860013961791992,-83.11495208740234,4.829175572334945,37.86718670349857
13558,2021239N17281,2021,IDA,2021-08-31 00:00:00,False,328.35922987447117,38,33.0,-90.0,14.833316690057494,30.441480588491743
13561,2021244N12339,2021,LARRY,2021-09-10 06:00:00,True,17.8237164678929,76,36.5,-62.20000076293945,-11.829640619608762,41.83136392906726
13569,2021259N30286,2021,ODETTE,2021-09-17 03:00:00,True,297.15700703802645,7,33.707218170166016,-75.18206787109375,-11.793055990052155,32.13099751722333
13657,2022246N18301,2022,EARL,2022-09-08 18:00:00,True,365.5491943860881,48,29.700000762939453,-64.80000305175781,10.604246598172441,30.30763637499648
13663,2022257N16312,2022,FIONA,2022-09-22 12:00:00,True,115.30440571040056,70,28.0,-70.5999984741211,15.977034088380794,31.777408893486538
13726,2023193N37305,2023,DON,2023-07-12 03:00:00,False,524.1368754514282,5,35.81730651855469,-54.03048324584961,24.582900232045652,40.90909129956005
13745,2023239N21274,2023,IDALIA,2023-08-30 09:00:00,True,417.82106999957716,31,29.121292114257812,-84.1089859008789,7.410361440278077,37.23635630877289
13751,2023249N12320,2023,LEE,2023-09-16 21:00:00,True,25.777992352730514,92,44.313385009765625,-66.41854858398438,-8.882323590254396,31.63167130206621
