dataset_index,sid,season,baseline_distance_km,alternative_distance_km,absolute_difference_km,baseline_relevant,alternative_relevant
5362,1950224N17305,1950,0.0,0.0,0.0,True,True
5369,1950234N11334,1950,417.20526123280194,411.22841431859496,5.9768469142069875,True,True
5372,1950243N15304,1950,461.8324387052394,453.28855428848277,8.543884416756612,True,True
5377,1950251N16319,1950,860.1800282888912,841.2096316725264,18.970396616364837,False,False
5388,1950270N25309,1950,35.19863006098718,35.618665838462576,0.4200357774753982,True,True
5394,1950285N22313,1950,856.4520923315979,835.744984415489,20.707107916108953,False,False
5399,1950290N22318,1950,2150.475978351486,2098.878309434704,51.59766891678191,False,False
5409,1950314N34302,1950,1004.7076053827973,973.6100675218945,31.097537860902776,False,False
5446,1951136N32292,1951,762.2099125847792,744.0636000770243,18.146312507754942,False,False
5467,1951214N21307,1951,712.3563478293381,695.5187643396072,16.837583489730946,False,False
5483,1951244N13328,1951,815.0096748384046,793.0715009785454,21.938173859859262,False,False
5484,1951246N13340,1951,533.455844326883,523.4661250570371,9.989719269845978,True,True
5492,1951272N20274,1951,517.1315027478698,507.2116466656719,9.919856082197953,True,True
5569,1952231N15341,1952,312.47443610403354,311.5279296493382,0.9465064546953386,True,True
5575,1952244N15306,1952,137.74292303348042,136.3927289642293,1.3501940692511312,True,True
5584,1952268N20291,1952,684.9988150401665,668.5665986351654,16.4322164050011,False,False
5661,1953223N23286,1953,18.57322637392477,18.424812703372112,0.14841367055265664,True,True
5669,1953240N14340,1953,264.5036467076818,266.7040750675277,2.200428359845887,True,True
5671,1953251N18295,1953,654.4018035314467,640.149244059991,14.252559471455697,False,False
5675,1953258N19296,1953,602.7604357236723,590.9336935066759,11.826742216996422,False,True
5676,1953259N23270,1953,2999.2224360919727,2838.597956964386,160.6244791275867,False,False
5680,1953267N15282,1953,2651.04024121499,2534.9291593900252,116.11108182496491,False,False
5685,1953275N13325,1953,1443.681181497234,1385.0348796381325,58.64630185910164,False,False
5754,1954238N24285,1954,829.0184755791477,826.7611322268483,2.2573433522993582,False,False
5758,1954244N21291,1954,124.39031126498645,123.17688435398969,1.213426910996759,True,True
5763,1954248N20295,1954,278.1845331022052,280.9259659862961,2.741432884090898,True,True
5777,1954268N29304,1954,1294.1222457007714,1250.6405176430667,43.481728057704686,False,False
5782,1954278N12302,1954,1366.8757164234341,1392.650799706424,25.775083282989954,False,False
5858,1955219N16319,1955,292.3739514961081,288.6107771987798,3.7631742973283053,True,True
5863,1955234N11318,1955,678.7103591922564,662.7348910980133,15.97546809424307,False,False
5871,1955245N19329,1955,701.7564932127972,687.2164062200867,14.540086992710485,False,False
5875,1955253N14319,1955,0.0,0.0,0.0,True,True
5882,1955267N20315,1955,925.6402908208901,906.1493823389443,19.49090848194578,False,False
5890,1955283N29318,1955,1600.2148096901826,1561.6083253840513,38.60648430613128,False,False
5954,1956159N34285,1956,1356.375301399562,1313.884058193964,42.49124320559804,False,False
5981,1956222N13313,1956,409.40554674881247,402.3223677966177,7.083178952194771,True,True
6004,1956265N18274,1956,12.724959358602527,12.650979425665502,0.07397993293702498,True,True
6010,1956289N23280,1956,1199.2809284691361,1169.0982307653853,30.18269770375082,False,False
6065,1957176N21267,1957,2007.4972079740185,1961.1789542003282,46.31825377369023,False,False
6082,1957245N13339,1957,1299.133236806523,1251.8109334558635,47.32230335065947,False,False
6094,1957264N32294,1957,0.0,0.0,0.0,True,True
6107,1957296N23302,1957,1022.1117456066622,990.2141256344547,31.897619972207508,False,False
6183,1958221N17340,1958,624.2976963840295,613.6466124477782,10.651083936251212,False,False
6184,1958223N12340,1958,498.3180292930172,490.6927933349175,7.625235958099722,True,True
6188,1958236N25287,1958,499.6456350339398,489.95474362679875,9.690891407141066,True,True
6195,1958248N10315,1958,2163.2731981961556,2046.6307589744197,116.64243922173591,False,False
6202,1958257N17293,1958,3531.739966252003,3379.106035351616,152.63393090038699,False,False
6208,1958264N17308,1958,0.0,0.0,0.0,True,True
6209,1958267N18309,1958,619.209864052032,608.5401054505185,10.669758601513536,False,False
6273,1959169N26274,1959,0.0,0.0,0.0,True,True
6281,1959186N32281,1959,81.61715599434577,81.98519430218047,0.36803830783470914,True,True
6305,1959240N34306,1959,1051.2890401059738,1023.7931929702088,27.49584713576496,False,False
6313,1959252N32293,1959,81.41134336133346,80.84881838207929,0.562524979254178,True,True
6318,1959264N20292,1959,614.2350006847225,604.4895466031787,9.745454081543812,False,False
6323,1959271N27310,1959,1114.6517991683675,1077.1703691282514,37.48143004011604,False,False
6379,1960174N19267,1960,2662.983060692026,2601.3082572073517,61.67480348467416,False,False
6389,1960210N28275,1960,532.8274700482915,541.778958719442,8.951488671150514,True,True
6410,1960243N10337,1960,422.3116732249122,427.20231345941386,4.890640234501632,True,True
6417,1960257N22267,1960,2610.6864545703343,2535.29727346868,75.38918110165423,False,False
6530,1961245N13318,1961,828.8154297479205,807.0390709151627,21.77635883275775,False,False
6531,1961247N13283,1961,787.0320312148003,796.2977298589319,9.26569864413159,False,False
6538,1961254N11329,1961,587.549988757025,588.2385317119875,0.6885429549625997,True,True
6540,1961256N26282,1961,935.9463168297609,923.9017778007955,12.04453902896546,False,False
6546,1961273N16302,1961,273.986237465721,271.1037016698152,2.882535795905767,True,True
6562,1961306N23301,1961,855.3680500135231,847.3695821237137,7.998467889809376,False,False
6618,1962180N32282,1962,0.0,0.0,0.0,True,True
6643,1962239N16342,1962,2701.7049612055675,2614.2059398431497,87.4990213624178,False,False
6644,1962239N26280,1962,890.5144165508049,870.6609841146501,19.853432436154776,False,False
6652,1962255N16314,1962,993.8933790560898,963.0789437276594,30.814435328430363,False,False
6662,1962272N15311,1962,101.36733198238755,100.43497957450036,0.9323524078871941,True,True
6666,1962287N23287,1962,24.186072752550313,24.419748189102002,0.23367543655168888,True,True
6680,1962331N33287,1962,1150.068650814014,1118.7207738263576,31.34787698765649,False,False
6756,1963213N11321,1963,482.60558113810123,474.37214578528136,8.233435352819868,True,True
6760,1963232N11313,1963,375.5259808856047,371.11470731171806,4.41127357388666,True,True
6793,1963291N26288,1963,281.35738101142084,281.084040534018,0.27334047740282585,True,True
6863,1964210N19314,1964,674.3788868802617,662.4843837012556,11.894503179006051,False,False
6876,1964234N13316,1964,219.8334363066302,218.43916078131988,1.39427552531032,True,True
6883,1964242N14343,1964,0.0,0.0,0.0,True,True
6887,1964248N18324,1964,417.07171845441275,410.1746669048151,6.89705154959762,True,True
6888,1964249N15342,1964,2847.033238711779,2717.866342818162,129.16689589361704,False,False
6893,1964257N15316,1964,0.0,0.0,0.0,True,True
6901,1964273N21280,1964,2538.5225511737162,2411.5335896685715,126.98896150514474,False,False
7017,1965239N11310,1965,2187.6588636579363,2135.7498489986083,51.90901465932802,False,False
7024,1965247N36306,1965,498.2151842585454,488.4967424344839,9.718441824061472,True,True
7032,1965259N13340,1965,1627.3374426180562,1574.4256908305588,52.91175178749745,False,False
7045,1965286N17313,1965,1186.9145315393878,1149.904365864937,37.01016567445072,False,False
7093,1966156N16275,1966,1101.5280943489443,1081.8670851207712,19.661009228173043,False,False
7101,1966194N17303,1966,0.0,0.0,0.0,True,True
7107,1966202N32316,1966,1185.232849819829,1177.392302563348,7.8405472564809315,False,False
7122,1966233N13340,1966,722.347094362882,709.0936631460728,13.25343121680919,False,False
7175,1966318N31333,1966,1332.372070116509,1325.5960843588512,6.775985757657736,False,False
7232,1967167N29286,1967,1005.7181142489643,987.6397573028183,18.07835694614596,False,False
7279,1967241N16324,1967,289.28022388478627,285.3770959610638,3.9031279237224794,True,True
7286,1967248N15341,1967,570.8799431674785,558.9994447783101,11.880498389168338,True,True
7288,1967248N31282,1967,1253.350298812326,1217.5449794875794,35.805319324746506,False,False
7318,1967287N27289,1967,344.7460678785105,343.33618194703627,1.4098859314742072,True,True
7323,1967293N21306,1967,804.8027025876528,788.3189817222475,16.483720865405303,False,False
7373,1968153N17275,1968,1832.632551650797,1774.1861143736373,58.4464372771597,False,False
7380,1968174N20265,1968,1501.6893150102455,1468.719089489885,32.9702255203606,False,False
7441,1968268N26287,1968,1224.3760603058304,1179.443770762753,44.93228954307733,False,False
7449,1968288N14280,1968,223.26150245524812,221.24392767981897,2.0175747754291535,True,True
7519,1969206N09333,1969,463.69997935644966,455.3098176973528,8.390161659096862,True,True
7532,1969226N18280,1969,411.1059570184948,403.7044446497332,7.401512368761587,True,True
7533,1969227N13325,1969,35.31851066685419,35.119785271558214,0.19872539529597333,True,True
7560,1969264N16313,1969,1403.5913480753923,1345.883280929673,57.70806714571927,False,False
7574,1969281N20292,1969,420.387693120833,413.2912891844266,7.096403936406375,True,True
7579,1969290N18275,1969,3672.990790657382,3442.8491343093033,230.14165634807887,False,False
7582,1969302N31318,1969,655.7398232454399,647.3774357881822,8.362387457257682,False,False
7661,1970200N19277,1970,2565.716630925288,2496.595382815985,69.121248109303,False,False
7679,1970220N14342,1970,110.04819481222692,108.96610764553911,1.0820871666878134,True,True
7708,1970255N25283,1970,2846.7805437042957,2761.740334356658,85.04020934763776,False,False
7720,1970274N15306,1970,1122.9378809774794,1113.332211751608,9.605669225871452,False,False
7730,1970286N25292,1970,608.2743412626403,596.1431035498817,12.131237712758548,False,True
7845,1971216N31297,1971,278.40234146026904,275.08598887806505,3.31635258220399,True,True
7857,1971233N12313,1971,644.2975543472035,641.7753139216813,2.5222404255221136,False,False
7871,1971249N26289,1971,1644.5906790281792,1587.3913983103055,57.19928071787376,False,False
7875,1971254N27288,1971,786.7378877493111,779.0523098067104,7.68557794260073,False,False
7970,1972167N20271,1972,1394.8399038919988,1369.4852531513102,25.354650740688612,False,False
7984,1972199N37322,1972,1297.7956631129093,1258.054128856521,39.74153425638838,False,False
8010,1972243N29282,1972,289.51760535446846,287.55215937174614,1.965445982722315,True,True
8014,1972249N24281,1972,1693.5853158841157,1636.5375015436903,57.047814340425475,False,False
8030,1972276N30307,1972,833.4640821759857,811.0079805330215,22.4561016429642,False,False
8033,1972280N12342,1972,1477.0026768444206,1414.0959017665973,62.90677507782334,False,False
8112,1973109N24295,1973,2303.265170820947,2162.2913577891295,140.97381303181737,False,False
8165,1973258N11338,1973,821.13716732881,804.224610342336,16.9125569864741,False,False
8182,1973289N16278,1973,1.0929128730330788,1.5082892321371733,0.41537635910409443,True,True
8304,1974239N27291,1974,551.187644549279,539.9307782616602,11.256866287618777,True,True
8310,1974246N27292,1974,389.27905567449864,384.20442590395044,5.074629770548199,True,True
8311,1974248N15310,1974,638.1242106195762,624.0665774878042,14.057633131771922,False,False
8320,1974267N18276,1974,3067.511395267236,2903.984532554433,163.526862712803,False,False
8323,1974277N21285,1974,1254.3266667718585,1214.90627188746,39.42039488439855,False,False
8403,1975176N33308,1975,788.1764179242804,768.3226750388767,19.853742885403676,False,False
8415,1975205N26292,1975,239.50082189382613,237.98730075547647,1.5135211383496596,True,True
8438,1975241N33314,1975,989.1485962208069,971.5856345103883,17.562961710418563,False,False
8450,1975256N18306,1975,2191.1251902800163,2129.7031542730087,61.42203600700759,False,False
8454,1975261N18327,1975,499.4840914746874,489.6235722616348,9.860519213052555,True,True
8455,1975266N10325,1975,103.59346184263332,103.43378417788928,0.15967766474403788,True,True
8463,1975277N28327,1975,2067.531974211618,1982.0480957855236,85.4838784260944,False,False
8466,1975288N21268,1975,3436.76131915215,3271.0491921609264,165.7121269912236,False,False
8474,1975298N29281,1975,1599.5064673118843,1549.6746628789488,49.83180443293554,False,False
8580,1976203N31288,1976,1875.41226191998,1801.0172840049368,74.39497791504323,False,False
8585,1976211N28308,1976,2381.8731284458945,2313.9000680425215,67.97306040337298,False,False
8591,1976219N26287,1976,1188.826673188137,1169.5564244277057,19.270248760431286,False,False
8602,1976234N14312,1976,1343.440849828301,1290.2567109156596,53.1841389126414,False,False
8606,1976241N13323,1976,1979.5336432161278,1951.0158472476405,28.517795968487235,False,False
8624,1976271N23302,1976,1164.4160983765685,1124.3984961414596,40.017602235108825,False,False
8729,1977249N33280,1977,737.7165147241674,720.1048211446213,17.611693579546113,False,False
8748,1977287N27297,1977,0.0,0.0,0.0,True,True
8850,1978239N23272,1978,3261.9985926685185,3149.6288695892213,112.36972307929727,False,False
8853,1978242N26300,1978,67.32426961092926,67.29067730597033,0.03359230495892973,True,True
8856,1978247N12321,1978,1338.0146073736294,1302.5035841731149,35.5110232005145,False,False
8857,1978247N14344,1978,1592.4014585109371,1542.1421718993724,50.259286611564676,False,False
8875,1978276N32329,1978,2125.003468989571,2073.941315520251,51.06215346932004,False,False
8890,1978302N24287,1978,662.6625411527679,648.0995803196435,14.562960833124407,False,False
8966,1979197N13314,1979,1986.0209141398059,1937.8740587805005,48.14685535930539,False,False
8973,1979213N17306,1979,0.0,0.0,0.0,True,True
8985,1979238N12324,1979,0.0,0.0,0.0,True,True
8989,1979241N11335,1979,644.2975543472035,641.7753139216813,2.5222404255221136,False,False
8993,1979245N20338,1979,1671.6971835582744,1626.9406006816184,44.75658287665601,False,False
8995,1979248N16339,1979,1457.8947382028196,1413.392361867632,44.50237633518759,False,False
9083,1980204N23287,1980,1210.7948457994137,1174.78284276313,36.01200303628366,False,False
9091,1980226N15339,1980,2376.4448221139646,2269.2118492381937,107.23297287577088,False,False
9092,1980227N13325,1980,1093.510485709321,1084.824060162099,8.686425547222143,False,False
9099,1980245N16322,1980,192.1677930174002,189.94158629220706,2.226206725193123,True,True
9102,1980249N18336,1980,1176.1397265991868,1151.2259115768281,24.913815022358676,False,False
9104,1980250N13341,1980,735.9170594675377,724.1011986603253,11.815860807212403,False,False
9114,1980275N34340,1980,1465.1809083692,1436.3117657013472,28.869142667852884,False,False
9125,1980313N14277,1980,4034.2458489128835,3793.0344985652164,241.21135034766712,False,False
9128,1980318N13280,1980,2840.9775414190544,2697.539791765737,143.4377496533175,False,False
9216,1981244N30287,1981,425.2320791800455,417.46658728629365,7.765491893751857,True,True
9218,1981247N16300,1981,1486.0003854935921,1424.3182512438987,61.68213424969349,False,False
9219,1981250N15306,1981,997.3554393900986,967.1972042604526,30.15823512964596,False,False
9221,1981255N14311,1981,1126.5615306481877,1089.5419768001732,37.01955384801454,False,False
9228,1981265N14328,1981,1246.5451359968665,1208.3069837196738,38.23815227719274,False,False
9339,1982257N20291,1982,95.0254432726645,94.23980668872431,0.7856365839401889,True,True
9345,1982267N25289,1982,847.4993856414764,826.5118620600929,20.98752358138347,False,False
9348,1982274N25295,1982,1744.750356575607,1660.4763924363488,84.27396413925817,False,False
9416,1983228N27270,1983,3090.217863884236,3046.151507486689,44.066356397547224,False,False
9546,1984253N29283,1984,175.61514807166992,173.7840588486186,1.8310892230513218,True,True
9554,1984267N31302,1984,689.5731026050472,673.5173263595963,16.055776245450943,False,False
9558,1984270N23287,1984,1260.2880271360518,1219.9084180392224,40.37960909682943,False,False
9561,1984281N24291,1984,303.2284138693534,298.5097027595927,4.718711109760704,True,True
9577,1984311N15291,1984,723.4709489579294,708.7319176409221,14.739031317007289,False,False
9647,1985197N29296,1985,0.0,0.0,0.0,True,True
9660,1985224N18279,1985,1163.2681883478429,1137.7273214482318,25.540866899611046,False,False
9673,1985240N20286,1985,2820.9392097851255,2759.522136168751,61.41707361637464,False,False
9683,1985260N13336,1985,1.9194272482064016,2.2248221643711177,0.30539491616471603,True,True
9691,1985280N18291,1985,1777.7099175529183,1717.034715076168,60.67520247675043,False,False
9704,1985320N21296,1985,1905.9157531100213,1827.3569510709326,78.55880203908873,False,False
9764,1986156N26284,1986,1207.6933107222817,1178.6362870107719,29.057023711509828,False,False
9769,1986175N26273,1986,2829.8975005088105,2755.1867852963387,74.71071521247177,False,False
9778,1986205N24305,1986,720.3178672584131,704.5205239867191,15.79734327169399,False,False
9804,1986254N22309,1986,616.4005390651838,610.4610270847103,5.939511980473526,False,False
9887,1987220N34283,1987,1134.6959224909585,1113.9269412569101,20.768981234048397,False,False
9888,1987222N26266,1987,2744.290056103274,2622.117813687089,122.17224241618487,False,False
9905,1987249N15329,1987,1796.8146262646642,1738.7125147089027,58.10211155576144,False,False
9907,1987252N11342,1987,1642.5560847087831,1566.600680673924,75.95540403485916,False,False
9996,1988234N13339,1988,561.8428156878722,552.9338654087724,8.908950279099827,True,True
9997,1988235N15317,1988,134.16626782498167,133.1058486603142,1.0604191646674792,True,True
10011,1988253N12306,1988,2183.7153897301678,2158.338503102979,25.376886627188924,False,False
10019,1988264N13328,1988,981.4271990501959,963.1074549031823,18.31974414701358,False,False
10100,1989176N27264,1989,3459.6293852021936,3326.9135101388324,132.71587506336118,False,False
10122,1989212N15318,1989,0.0,0.0,0.0,True,True
10132,1989230N14338,1989,1323.3019647192164,1310.9607819399994,12.341182779216979,False,False
10143,1989243N12339,1989,345.45559755894675,339.8745477316162,5.58104982733056,True,True
10148,1989254N13340,1989,247.03439577735406,250.47001978305718,3.4356240057031187,True,True
10238,1990206N34285,1990,44.62428142777349,44.40052662154223,0.22375480623126265,True,True
10241,1990215N38337,1990,1960.4670649950729,1897.2390779971545,63.22798699791838,False,False
10256,1990236N13314,1990,494.2126683210707,487.9343189286897,6.27834939238096,True,True
10263,1990247N07337,1990,600.0683858721807,590.8506766354919,9.217709236688734,False,True
10273,1990264N14328,1990,1054.1180950761063,1030.5660043783473,23.552090697759013,False,False
10280,1990279N36316,1990,0.0,0.0,0.0,True,True
10284,1990283N23281,1990,2453.4976242350745,2360.019290621072,93.47833361400262,False,False
10289,1990289N22300,1990,2185.109075589807,2067.3868087925794,117.7222667972278,False,False
10338,1991181N26282,1991,1025.4633155319577,994.1160253419172,31.347290190040553,False,False
10356,1991228N26286,1991,0.0,0.0,0.0,True,True
10364,1991248N27304,1991,1461.3767981724575,1401.1162518741166,60.26054629834084,False,False
10367,1991252N24311,1991,1511.7904332953362,1450.9907070955844,60.79972619975183,False,False
10387,1991299N27295,1991,1697.0134163043836,1617.7580922140332,79.25532409035031,False,False
10391,1991302N44301,1991,292.874149143921,290.44113916501846,2.4330099789025326,True,True
10476,1992230N11325,1992,2535.8902061899275,2451.200521828351,84.68968436157638,False,False
10506,1992271N26291,1992,2276.3543628686566,2140.2647944396676,136.08956842898897,False,False
10522,1992297N26299,1992,408.91325246526594,403.362086389483,5.55116607578293,True,True
10599,1993235N20307,1993,839.1233446011613,817.1587523831776,21.96459221798375,False,False
10606,1993251N25293,1993,267.4951692598239,264.4301350071809,3.065034252642988,True,True
10708,1994229N11321,1994,235.49469207617702,232.18593073163765,3.308761344539363,True,True
10747,1994306N23313,1994,1059.436913237566,1030.8306680741455,28.606245163420454,False,False
10748,1994313N12278,1994,2117.2728097732206,2031.2205938278569,86.05221594536374,False,False
10785,1995154N17276,1995,0.0,0.0,0.0,True,True
10790,1995193N17305,1995,346.96591827884674,342.34555576946093,4.620362509385814,True,True
10796,1995212N22287,1995,2129.385309456032,2077.3294505379918,52.05585891804003,False,False
10801,1995220N14329,1995,79.46548726847385,79.28538950948231,0.18009775899153624,True,True
10809,1995234N13327,1995,1512.2677791655135,1471.7210590993661,40.54672006614737,False,False
10810,1995235N13311,1995,497.8494699035744,489.36131110515333,8.488158798421068,True,True
10811,1995235N24281,1995,2564.6150486563147,2466.1269723499404,98.4880763063743,False,False
10815,1995241N11333,1995,0.0,0.0,0.0,True,True
10823,1995256N12309,1995,830.4424607254887,808.964415568861,21.478045156627672,False,False
10830,1995270N10322,1995,1942.494450618798,1849.9344683247061,92.55998229409192,False,False
10844,1995300N25301,1995,1354.490841493339,1304.6383841922914,49.85245730104771,False,False
10900,1996170N27282,1996,909.4263613187236,885.8325528435666,23.593808475156948,False,False
10905,1996187N10326,1996,0.0,0.0,0.0,True,True
10928,1996237N14339,1996,816.8811292391672,811.5575033303315,5.323625908835652,False,False
10935,1996248N15319,1996,76.8044088420875,76.00890047701651,0.7955083650709867,True,True
10946,1996269N09337,1996,1326.012233455985,1294.4315845625422,31.580648893442913,False,False
11150,1998232N15312,1998,238.96571544027796,235.50838905676468,3.4573263835132764,True,True
11154,1998236N13326,1998,249.04530739347547,245.48785406728342,3.5574533261920465,True,True
11163,1998259N10335,1998,2839.9625057037697,2701.6079409253057,138.354564778464,False,False
11167,1998262N13333,1998,1544.6488129595546,1494.3757998683413,50.273013091213215,False,False
11169,1998264N10343,1998,1920.6528981172448,1851.9347303798113,68.71816773743353,False,False
11197,1998328N28332,1998,1190.300264775139,1196.8327374521507,6.532472677011583,False,False
11272,1999231N14341,1999,818.7679381045893,798.692628575252,20.075309529337346,False,False
11279,1999236N22292,1999,1239.9023520371818,1227.4554454289662,12.446906608215613,False,False
11283,1999251N15314,1999,0.0,0.0,0.0,True,True
11286,1999255N13336,1999,70.98293028823043,70.38303109622119,0.5998991920092465,True,True
11369,2000217N11342,2000,767.5746218869392,754.3910325316742,13.183589355264985,False,False
11373,2000222N28286,2000,2624.6694014247146,2486.572837334358,138.09656409035642,False,False
11398,2000260N15308,2000,185.5655413890681,184.4449486827382,1.1205927063299157,True,True
11401,2000266N12337,2000,889.245916721256,867.8109111776662,21.435005543589796,False,False
11469,2001215N26275,2001,2807.961432060409,2736.172075236225,71.78935682418432,False,False
11475,2001235N18296,2001,223.6632471276283,220.929390243664,2.7338568839643074,True,True
11481,2001245N13326,2001,18.407313102194685,18.29091646354706,0.1163966386476254,True,True
11489,2001255N26276,2001,79.74588617604108,78.97652625237028,0.7693599236708053,True,True
11496,2001265N25296,2001,488.35443758762506,479.0922647894191,9.262172798205938,True,True
11508,2001284N28297,2001,194.92785879859377,194.12191650397295,0.8059422946208201,True,True
11513,2001301N27325,2001,1360.9286552936944,1316.9522922485096,43.976363045184826,False,False
11524,2001327N31309,2001,1644.4794142734972,1567.4095875220448,77.06982675145241,False,False
11599,2002252N29289,2002,0.0,0.0,0.0,True,True
11600,2002255N26273,2002,2813.133483879701,2699.9835484682862,113.14993541141484,False,False
11601,2002258N10300,2002,1805.194897779893,1770.0447708719353,35.150126907957656,False,False
11606,2002264N28308,2002,1772.1575837810221,1716.4782726105493,55.67931117047283,False,False
11607,2002265N10315,2002,2936.320154562928,2846.079058741143,90.24109582178517,False,False
11674,2003179N20271,2003,2068.223023228439,2008.3700223916635,59.853000836775664,False,False
11681,2003198N31306,2003,666.2100176644836,652.243711617659,13.966306046824684,False,False
11698,2003240N15329,2003,479.212471173409,471.6165162409311,7.595954932477923,True,True
11701,2003243N24268,2003,3362.0650247581198,3253.323798477708,108.74122628041187,False,False
11711,2003268N28298,2003,260.55207365948013,260.11344451470995,0.4386291447701751,True,True
11712,2003269N12322,2003,376.9494440379775,372.6955922055216,4.253851832455894,True,True
11720,2003284N19291,2003,2697.1127991931908,2518.217912815344,178.8948863778469,False,False
11721,2003286N09323,2003,1660.7039816990566,1582.0857848191818,78.61819687987486,False,False
11785,2004214N30282,2004,338.69967645109386,334.21758266326447,4.482093787829399,True,True
11788,2004217N13306,2004,1532.1912215112804,1493.547075319586,38.64414619169452,False,False
11791,2004223N11301,2004,1201.1569184727273,1177.3822774633468,23.774641009380503,False,False
11793,2004227N12338,2004,1361.6783727883612,1313.6150782726058,48.06329451575539,False,False
11801,2004238N11325,2004,371.1239830515037,368.97537431309297,2.1486087384107577,True,True
11806,2004241N32282,2004,80.94454678253052,80.78314340751255,0.16140337501796864,True,True
11809,2004247N10332,2004,1693.4024512553071,1643.9359335998893,49.466517655417874,False,False
11816,2004258N16300,2004,1513.5302655755856,1473.1739248272306,40.356340748355024,False,False
11817,2004260N11331,2004,912.7184992589818,908.9035653944575,3.814933864524278,False,False
11819,2004264N13328,2004,1178.3670262225319,1146.2061866020383,32.16083962049356,False,False
11877,2005160N17276,2005,1452.871846587042,1438.4834785622684,14.388368024773627,False,False
11884,2005185N18273,2005,239.80219486894302,239.32645888801167,0.47573598093134706,True,True
11885,2005186N12299,2005,1579.8390382186599,1568.1551832842256,11.683854934434294,False,False
11891,2005203N25285,2005,134.79670228888753,133.33923825673108,1.4574640321564516,True,True
11898,2005217N13327,2005,506.49010568381107,497.7324320567725,8.75767362703857,True,True
11907,2005236N23285,2005,2105.7912071026085,2061.9497955687375,43.841411533870996,False,False
11910,2005241N14315,2005,1059.086610033959,1024.460766099733,34.62584393422594,False,False
11912,2005245N19315,2005,994.1165827581863,966.3651213227265,27.75146143545976,False,False
11914,2005249N26281,2005,0.0,0.0,0.0,True,True
11926,2005261N21290,2005,2521.1220306054156,2468.673702237457,52.448328367958766,False,False
11956,2005333N32311,2005,1524.2082631166115,1460.804234790806,63.404028325805484,False,False
11987,2006161N20275,2006,0.0,0.0,0.0,True,True
12017,2006237N13298,2006,1152.4411900250202,1144.8897187715406,7.551471253479576,False,False
12021,2006247N14321,2006,0.0,0.0,0.0,True,True
12025,2006254N20306,2006,1181.4258124395715,1141.4752895764057,39.950522863165816,False,False
12026,2006256N12338,2006,1196.7968869706847,1156.723372438821,40.07351453186379,False,False
12037,2006271N26307,2006,47.822826345702474,47.579216279782386,0.2436100659200875,True,True
12107,2007227N24269,2007,3409.558787144114,3313.8643538932897,95.6944332508242,False,False
12113,2007251N30288,2007,1278.5604719722269,1243.557710814949,35.00276115727797,False,False
12133,2007285N30307,2007,1468.3440158394146,1413.1733603904677,55.170655448946945,False,False
12190,2008185N13337,2008,752.614959250936,738.2619443119656,14.353014938970318,False,False
12209,2008229N18293,2008,2253.7229883298282,2192.2497994163687,61.47318891345958,False,False
12212,2008238N13293,2008,1966.6185035869228,1944.1191067795037,22.49939680741909,False,False
12213,2008241N19303,2008,0.0,0.0,0.0,True,True
12214,2008245N17323,2008,887.6020674544594,882.8351788344379,4.766888620021518,False,False
12224,2008269N21290,2008,106.81528917260867,106.39943645888408,0.41585271372458976,True,True
12225,2008270N39325,2008,471.0152357022609,467.4813201079853,3.5339155942755838,True,True
12306,2009227N12328,2009,0.0,0.0,0.0,True,True
12331,2009271N46317,2009,2004.9537777333976,1953.3984562094292,51.55532152396836,False,False
12342,2009308N11279,2009,3051.4361864369903,2908.344160731477,143.09202570551315,False,False
12397,2010222N26277,2010,2831.1759723691316,2715.5890486781077,115.58692369102391,False,False
12400,2010234N11329,2010,684.4475220641681,668.6737121169886,15.77380994717953,False,False
12402,2010236N12341,2010,0.0,0.0,0.0,True,True
12406,2010242N14318,2010,1575.2826122042482,1509.7480619747344,65.5345502295138,False,False
12410,2010247N15266,2010,3180.002592266825,3103.099726181016,76.90286608580891,False,False
12412,2010251N14337,2010,0.0,0.0,0.0,True,True
12413,2010255N13340,2010,1399.8522148960717,1344.0400161084256,55.81219878764614,False,False
12433,2010302N26299,2010,1105.8762017267786,1068.4612218825698,37.4149798442088,False,False
12488,2011214N15299,2011,2416.5339028518274,2297.3511523389197,119.18275051290766,False,False
12491,2011225N26302,2011,571.1251824347995,560.4485764813288,10.676605953470698,True,True
12500,2011239N27301,2011,1126.8219649111031,1095.4598684214243,31.362096489678834,False,False
12501,2011240N10341,2011,396.9119351308508,390.6027939398941,6.309141190956666,True,True
12503,2011244N37296,2011,530.3931010554485,520.3038284327102,10.089272622738235,True,True
12505,2011245N27269,2011,2669.0724827017502,2576.874822377876,92.19766032387406,False,False
12507,2011250N12324,2011,16.605757065763193,16.452718184247225,0.15303888151596823,True,True
12511,2011263N12323,2011,0.0,0.0,0.0,True,True
12514,2011266N08343,2011,1324.936662734173,1282.4354309008954,42.50123183327764,False,False
12526,2011310N29290,2011,471.66272374205414,462.5861301126544,9.076593629399724,True,True
12559,2012140N33283,2012,1462.971595391292,1412.5579749828341,50.41362040845797,False,False
12562,2012147N30284,2012,914.0753843849667,889.7162291196797,24.359155265286972,False,False
12568,2012169N29291,2012,804.3680693076517,785.7020771844592,18.665992123192495,False,False
12593,2012242N13333,2012,0.0,0.0,0.0,True,True
12594,2012242N24317,2012,1097.2952852894784,1073.1802923973175,24.1149928921609,False,False
12595,2012246N29323,2012,798.7056018138982,785.1485738846958,13.557027929202377,False,False
12598,2012255N16322,2012,1620.4708736190314,1566.5168127454135,53.95406087361789,False,False
12613,2012287N15297,2012,413.5431668032206,406.72251324734674,6.820653555873832,True,True
12617,2012296N14283,2012,1555.9771700665126,1518.9914003949978,36.985769671514845,False,False
12668,2013204N11340,2013,2279.424194143168,2179.429445496596,99.99474864657168,False,False
12701,2013271N21310,2013,2127.747325029212,2029.5380729635692,98.20925206564266,False,False
12724,2013321N24308,2013,1317.8761155681389,1273.0023709273787,44.87374464076015,False,False
12772,2014180N32282,2014,23.007302296861255,23.05134549849423,0.044043201632973705,True,True
12785,2014210N10323,2014,216.0077204928309,213.3956603241558,2.6120601686751,True,True
12793,2014236N22288,2014,419.7647600967634,413.39224549025664,6.372514606506741,True,True
12801,2014254N14327,2014,988.8786293095252,960.8774144647866,28.00121484473857,False,False
12810,2014283N22299,2014,1529.4086468863536,1464.56444499369,64.8442018926637,False,False
12812,2014285N16305,2014,68.00579986435304,68.03461130260487,0.028811438251835852,True,True
12852,2015126N27281,2015,804.1027349108083,791.497977091008,12.604757819800284,False,False
12858,2015167N27266,2015,2071.845101209278,2021.474833766859,50.37026744241871,False,False
12926,2015313N22289,2015,598.1457555250538,585.7163731454955,12.42938237955832,True,True
12989,2016235N11341,2016,1409.7505225692769,1358.3186999994289,51.43182256984801,False,False
12993,2016240N31295,2016,1598.5530631239537,1548.273767901186,50.279295222767814,False,False
12994,2016242N24279,2016,1092.0400372517702,1071.6836659781636,20.356371273606555,False,False
13003,2016256N20312,2016,797.5390759730805,781.4252290065068,16.113846966573647,False,False
13004,2016257N13341,2016,910.0360024653467,888.1219589923729,21.91404347297373,False,False
13005,2016257N27280,2016,2016.3211887330851,1946.6975537191881,69.623635013897,False,False
13007,2016263N13333,2016,2091.9019457277104,1988.6755165854142,103.22642914229618,False,False
13012,2016273N13300,2016,1744.169557948784,1681.839551773858,62.330006174925984,False,False
13015,2016278N23300,2016,914.6511329636775,889.1829687820102,25.468164181667248,False,False
13067,2017171N24271,2017,1873.8255620488287,1827.3776509871086,46.447911061720106,False,False
13093,2017224N22293,2017,468.47605076609574,460.71139178361256,7.7646589824831835,True,True
13103,2017247N09327,2017,1150.9955854121226,1123.5382155536865,27.457369858436095,False,False
13111,2017258N10337,2017,745.4895484623283,730.1873340905421,15.302214371786249,False,False
13115,2017277N11279,2017,0.0,0.0,0.0,True,True
13117,2017280N32321,2017,2119.9730630589434,2018.4094515741397,101.56361148480369,False,False
13167,2018146N19273,2018,1835.6680017514745,1823.8693531318438,11.79864861963074,False,False
13182,2018186N10325,2018,152.3777571235964,150.58310023185447,1.794656891741937,True,True
13195,2018215N41326,2018,677.6497872877828,664.570868794583,13.078918493199808,False,False
13213,2018242N13343,2018,1277.7173067009596,1255.8858966729883,21.831410027971287,False,False
13219,2018251N13343,2018,1822.261248511254,1770.9513848202898,51.30986369096422,False,False
13222,2018255N37320,2018,1883.908325995635,1791.2638604295257,92.64446556610937,False,False
13229,2018265N35315,2018,1054.4896539111944,1020.3197104647355,34.16994344645889,False,False
13237,2018280N18273,2018,128.6609055017747,128.6156183830628,0.04528711871188307,True,True
13244,2018300N25315,2018,605.4753319226534,596.7585486237595,8.716783298893915,False,True
13310,2019236N10314,2019,0.0,0.0,0.0,True,True
13312,2019239N32287,2019,1292.7371315241073,1257.8307197474687,34.906411776638606,False,False
13318,2019246N16330,2019,934.2978341144278,912.5913935638907,21.70644055053708,False,False
13323,2019256N23286,2019,624.4422790017627,611.154688659585,13.287590342177737,False,False
13326,2019260N13317,2019,1358.7851912252247,1306.837375094393,51.9478161308316,False,False
13336,2019282N35286,2019,662.893508720364,647.4207785156777,15.472730204686286,False,False
13400,2020154N19269,2020,1461.5888390673483,1471.2351842862195,9.646345218871147,False,False
13414,2020211N13306,2020,951.8074769097865,945.7421197619279,6.065357147858549,False,False
13428,2020233N14313,2020,2368.5682974885385,2308.8510417116236,59.71725577691495,False,False
13439,2020251N17319,2020,634.2626971467982,621.1513813342053,13.11131581259292,False,False
13441,2020256N11329,2020,4.0926220069082255,3.8499045895117994,0.24271741739642616,True,True
13442,2020256N25281,2020,2431.255142821662,2339.247032120558,92.00811070110421,False,False
13448,2020261N21265,2020,2821.456842528121,2718.223680777753,103.2331617503678,False,False
13456,2020279N16284,2020,2723.5350343403193,2631.6633135171246,91.87172082319466,False,False
13463,2020291N32305,2020,382.29566046599894,376.3912442693019,5.904416196697014,True,True
13468,2020299N18277,2020,1377.9526095935407,1344.753974975122,33.19863461841874,False,False
13522,2021140N30305,2021,1064.7442511565682,1031.000364928622,33.74388622794618,False,False
13534,2021182N09317,2021,398.96082770361846,396.3150867226708,2.6457409809476644,True,True
13554,2021227N36297,2021,878.7851292252717,863.5425246106997,15.242604614571974,False,False
13558,2021239N17281,2021,232.5366627163278,232.1215324189188,0.4151302974090072,True,True
13561,2021244N12339,2021,0.0,0.0,0.0,True,True
13568,2021256N21265,2021,3573.4005474317896,3401.9011391425142,171.49940828927538,False,False
13569,2021259N30286,2021,218.3792060059826,215.48693456703447,2.8922714389481428,True,True
13574,2021266N10327,2021,764.9356767721894,749.6428353701314,15.292841402058002,False,False
13586,2021299N33284,2021,702.7792701077759,685.877971353028,16.901298754747927,False,False
13656,2022244N38313,2022,1017.8730287685489,995.9090008132966,21.964027955252277,False,False
13663,2022257N16312,2022,848.8544039053662,866.3785441690363,17.52414026367012,False,False
13726,2023193N37305,2023,503.1541387625184,496.1605297933965,6.993608969121908,True,True
13740,2023232N13300,2023,693.0636583318812,679.4089348487615,13.65472348311971,False,False
13745,2023239N21274,2023,265.84798848888636,262.588285093255,3.259703395631334,True,True
13747,2023241N28308,2023,728.152522961878,711.9781669755766,16.174355986301407,False,False
13751,2023249N12320,2023,0.0,0.0,0.0,True,True
13753,2023251N15334,2023,1344.1992257112759,1302.3527024084044,41.84652330287145,False,False
13754,2023258N14318,2023,810.7110417528173,791.6259661644073,19.085075588410064,False,False
13769,2023292N13309,2023,1587.4356560091173,1517.1790369485586,70.2566190605587,False,False
