dataset_index,source_points,resampled_points,source_min_dt_h,source_median_dt_h,source_max_dt_h,eligible
5362,100,50,1.0,3.0,3.0,True
5367,116,58,1.0,3.0,3.0,True
5369,121,61,3.0,3.0,3.0,True
5372,147,74,3.0,3.0,3.0,True
5373,73,35,1.0,3.0,3.0,True
5377,75,38,3.0,3.0,3.0,True
5388,83,42,3.0,3.0,3.0,True
5390,29,15,3.0,3.0,3.0,True
5392,30,15,1.0,3.0,3.0,False
5394,53,27,3.0,3.0,3.0,True
5396,59,29,1.0,3.0,3.0,True
5399,61,31,3.0,3.0,3.0,True
5401,40,20,1.0,3.0,3.0,True
5404,27,14,3.0,3.0,3.0,True
5406,19,10,3.0,3.0,3.0,True
5409,19,10,3.0,3.0,3.0,True
5419,81,41,3.0,3.0,3.0,True
5446,71,36,3.0,3.0,3.0,True
5467,29,15,3.0,3.0,3.0,True
5475,97,48,1.0,3.0,3.0,False
5480,75,38,3.0,3.0,3.0,False
5483,109,55,3.0,3.0,3.0,True
5484,69,35,3.0,3.0,3.0,True
5490,20,10,1.0,3.0,3.0,False
5492,104,52,1.0,3.0,3.0,True
5497,45,23,3.0,3.0,3.0,False
5498,39,20,3.0,3.0,3.0,True
5511,71,36,3.0,3.0,3.0,True
5526,25,13,3.0,3.0,3.0,True
5569,129,65,3.0,3.0,3.0,True
5573,9,5,3.0,3.0,3.0,False
5575,79,40,3.0,3.0,3.0,True
5580,53,27,3.0,3.0,3.0,True
5584,57,29,3.0,3.0,3.0,True
5586,51,26,3.0,3.0,3.0,False
5587,41,21,3.0,3.0,3.0,False
5591,41,21,3.0,3.0,3.0,False
5598,67,33,1.0,3.0,3.0,True
5608,49,25,3.0,3.0,3.0,True
5644,103,51,1.0,3.0,3.0,True
5651,35,18,3.0,3.0,3.0,True
5661,46,23,1.0,3.0,3.0,True
5669,101,50,1.0,3.0,3.0,True
5670,25,13,3.0,3.0,3.0,True
5671,68,34,1.0,3.0,3.0,True
5675,55,28,3.0,3.0,3.0,True
5676,44,22,1.0,3.0,3.0,True
5680,35,18,3.0,3.0,3.0,True
5685,81,41,3.0,3.0,3.0,True
5687,37,19,3.0,3.0,3.0,True
5689,76,38,1.0,3.0,3.0,True
5699,29,15,3.0,3.0,3.0,True
5704,17,9,3.0,3.0,3.0,False
5725,27,14,3.0,3.0,3.0,True
5728,57,29,3.0,3.0,3.0,True
5729,24,12,1.0,3.0,3.0,True
5736,29,15,3.0,3.0,3.0,True
5740,26,13,1.0,3.0,3.0,True
5754,56,28,1.0,3.0,3.0,True
5758,35,18,3.0,3.0,3.0,True
5763,78,38,0.5,3.0,3.0,True
5764,15,8,3.0,3.0,3.0,False
5767,20,10,1.0,3.0,3.0,False
5770,21,11,3.0,3.0,3.0,True
5776,46,23,1.0,3.0,3.0,False
5777,95,48,3.0,3.0,3.0,True
5782,107,53,0.5,3.0,3.0,True
5797,41,21,3.0,3.0,3.0,False
5805,55,28,3.0,3.0,3.0,False
5853,26,13,1.0,3.0,3.0,True
5856,95,48,3.0,3.0,3.0,True
5858,133,67,3.0,3.0,3.0,True
5863,119,60,3.0,3.0,3.0,True
5866,26,13,1.0,3.0,3.0,True
5871,61,31,3.0,3.0,3.0,True
5874,26,13,1.0,3.0,3.0,False
5875,136,68,1.0,3.0,3.0,True
5876,69,34,1.0,3.0,3.0,False
5881,75,37,1.0,3.0,3.0,False
5882,43,22,3.0,3.0,3.0,True
5890,35,18,3.0,3.0,3.0,True
5891,38,19,1.0,3.0,3.0,False
5954,27,14,3.0,3.0,3.0,True
5959,28,14,1.0,3.0,3.0,True
5973,15,8,3.0,3.0,3.0,False
5981,99,50,3.0,3.0,3.0,True
5994,75,38,3.0,3.0,3.0,True
5997,23,12,3.0,3.0,3.0,False
5998,21,11,3.0,3.0,3.0,True
6004,102,51,1.0,3.0,3.0,True
6008,23,12,3.0,3.0,3.0,False
6010,37,19,3.0,3.0,3.0,True
6016,59,30,3.0,3.0,3.0,True
6024,21,11,3.0,3.0,3.0,True
6063,62,31,0.5,3.0,3.0,True
6065,38,19,1.5,3.0,3.0,True
6072,27,14,3.0,3.0,3.0,True
6082,189,95,3.0,3.0,3.0,True
6085,18,9,1.0,3.0,3.0,True
6089,29,15,3.0,3.0,3.0,True
6094,57,29,3.0,3.0,3.0,True
6107,39,20,3.0,3.0,3.0,True
6155,35,18,3.0,3.0,3.0,True
6163,18,9,1.0,3.0,3.0,False
6183,73,37,3.0,3.0,3.0,True
6184,93,47,3.0,3.0,3.0,True
6188,59,30,3.0,3.0,3.0,True
6193,66,32,1.0,3.0,3.0,True
6195,59,30,3.0,3.0,3.0,True
6202,64,32,1.0,3.0,3.0,True
6208,105,53,3.0,3.0,3.0,True
6209,50,25,1.0,3.0,3.0,True
6212,71,35,1.0,3.0,3.0,True
6216,25,13,3.0,3.0,3.0,True
6270,46,23,1.0,3.0,3.0,True
6272,29,15,3.0,3.0,3.0,False
6273,38,19,1.0,3.0,3.0,True
6281,68,34,1.0,3.0,3.0,True
6287,42,21,1.0,3.0,3.0,True
6292,39,20,3.0,3.0,3.0,True
6298,10,5,1.0,3.0,3.0,False
6305,59,30,3.0,3.0,3.0,True
6312,31,16,3.0,3.0,3.0,True
6313,41,21,3.0,3.0,3.0,True
6318,98,49,1.0,3.0,3.0,True
6323,91,46,3.0,3.0,3.0,True
6327,24,12,1.0,3.0,3.0,True
6331,66,33,1.0,3.0,3.0,True
6379,52,26,1.0,3.0,3.0,True
6383,66,33,1.0,3.0,3.0,False
6389,89,45,3.0,3.0,3.0,True
6406,27,14,3.0,3.0,3.0,True
6410,135,64,1.0,3.0,3.0,True
6413,17,9,3.0,3.0,3.0,True
6417,41,21,3.0,3.0,3.0,True
6420,77,39,3.0,3.0,3.0,True
6510,61,30,1.0,3.0,3.0,False
6530,115,58,3.0,3.0,3.0,True
6531,118,59,1.0,3.0,3.0,True
6535,108,54,1.0,3.0,3.0,True
6538,137,68,1.0,3.0,3.0,True
6540,26,13,1.0,3.0,3.0,True
6546,83,41,1.0,3.0,3.0,True
6554,45,23,3.0,3.0,3.0,True
6559,51,26,3.0,3.0,3.0,False
6561,19,10,3.0,3.0,3.0,False
6562,75,38,3.0,3.0,3.0,True
6563,37,19,3.0,3.0,3.0,False
6567,29,15,3.0,3.0,3.0,True
6618,59,30,3.0,3.0,3.0,True
6643,39,20,3.0,3.0,3.0,True
6644,55,28,3.0,3.0,3.0,True
6652,77,39,3.0,3.0,3.0,True
6662,81,41,3.0,3.0,3.0,True
6666,89,45,3.0,3.0,3.0,True
6680,79,40,3.0,3.0,3.0,True
6737,26,13,1.0,3.0,3.0,True
6756,108,54,0.5,3.0,3.0,True
6760,159,80,3.0,3.0,3.0,True
6772,41,21,3.0,3.0,3.0,True
6775,30,15,1.0,3.0,3.0,True
6777,45,23,3.0,3.0,3.0,True
6779,53,26,1.0,3.0,3.0,False
6782,156,78,1.0,3.0,3.0,True
6793,102,51,0.5,3.0,3.0,True
6796,44,22,1.0,3.0,3.0,False
6846,67,34,3.0,3.0,3.0,True
6859,39,20,3.0,3.0,3.0,True
6863,99,50,3.0,3.0,3.0,True
6866,26,13,0.5,3.0,3.0,True
6868,20,10,1.0,3.0,3.0,True
6876,177,86,1.0,3.0,3.0,True
6883,149,75,3.0,3.0,3.0,True
6887,107,54,3.0,3.0,3.0,True
6888,41,21,3.0,3.0,3.0,True
6893,95,48,3.0,3.0,3.0,True
6901,75,37,1.0,3.0,3.0,True
6906,63,31,1.0,3.0,3.0,True
6918,42,21,1.0,3.0,3.0,False
6984,58,29,1.0,3.0,3.0,True
7012,43,22,3.0,3.0,3.0,True
7017,141,69,1.0,3.0,3.0,True
7024,61,31,3.0,3.0,3.0,True
7032,139,70,3.0,3.0,3.0,True
7037,46,23,1.0,3.0,3.0,True
7039,33,17,3.0,3.0,3.0,True
7045,65,33,3.0,3.0,3.0,True
7046,27,14,3.0,3.0,3.0,True
7052,45,23,3.0,3.0,3.0,True
7093,78,39,1.0,3.0,3.0,True
7098,37,18,1.0,3.0,3.0,True
7099,31,16,3.0,3.0,3.0,True
7101,75,38,3.0,3.0,3.0,True
7107,79,40,3.0,3.0,3.0,True
7108,47,24,3.0,3.0,3.0,False
7110,17,9,3.0,3.0,3.0,True
7122,191,96,3.0,3.0,3.0,True
7129,51,26,3.0,3.0,3.0,False
7148,11,6,3.0,3.0,3.0,False
7149,167,81,1.0,3.0,3.0,True
7153,28,14,1.0,3.0,3.0,False
7154,25,13,3.0,3.0,3.0,False
7158,67,34,3.0,3.0,3.0,False
7170,79,40,3.0,3.0,3.0,True
7175,49,25,3.0,3.0,3.0,True
7178,51,26,3.0,3.0,3.0,True
7229,17,9,3.0,3.0,3.0,False
7230,25,13,3.0,3.0,3.0,True
7232,52,26,1.0,3.0,3.0,True
7233,17,9,3.0,3.0,3.0,True
7234,29,15,3.0,3.0,3.0,True
7243,33,17,3.0,3.0,3.0,False
7248,9,5,3.0,3.0,3.0,False
7260,25,13,3.0,3.0,3.0,False
7265,49,25,3.0,3.0,3.0,False
7269,25,13,3.0,3.0,3.0,False
7274,33,17,3.0,3.0,3.0,False
7279,65,33,3.0,3.0,3.0,True
7282,35,18,3.0,3.0,3.0,False
7286,137,69,3.0,3.0,3.0,True
7288,135,68,3.0,3.0,3.0,True
7289,153,76,1.0,3.0,3.0,True
7299,63,32,3.0,3.0,3.0,False
7303,53,27,3.0,3.0,3.0,False
7304,37,19,3.0,3.0,3.0,False
7305,17,9,3.0,3.0,3.0,False
7308,24,12,1.0,3.0,3.0,False
7309,17,9,3.0,3.0,3.0,False
7312,27,14,3.0,3.0,3.0,False
7315,9,5,3.0,3.0,3.0,False
7318,41,21,3.0,3.0,3.0,True
7320,17,9,3.0,3.0,3.0,False
7323,115,58,3.0,3.0,3.0,True
7325,25,13,3.0,3.0,3.0,True
7373,101,50,1.0,3.0,3.0,True
7378,69,35,3.0,3.0,3.0,True
7380,38,19,1.5,3.0,3.0,True
7383,9,5,3.0,3.0,3.0,False
7407,55,28,3.0,3.0,3.0,True
7422,43,22,3.0,3.0,3.0,True
7429,29,15,3.0,3.0,3.0,False
7432,60,30,1.0,3.0,3.0,True
7434,33,17,3.0,3.0,3.0,False
7437,19,10,3.0,3.0,3.0,False
7440,21,11,3.0,3.0,3.0,False
7441,51,26,3.0,3.0,3.0,True
7443,21,11,3.0,3.0,3.0,True
7449,68,34,1.0,3.0,3.0,True
7504,33,17,3.0,3.0,3.0,False
7505,9,5,3.0,3.0,3.0,False
7509,11,6,3.0,3.0,3.0,False
7510,25,13,3.0,3.0,3.0,False
7519,85,43,3.0,3.0,3.0,True
7520,13,7,3.0,3.0,3.0,False
7527,9,5,3.0,3.0,3.0,False
7529,33,17,3.0,3.0,3.0,True
7532,71,35,1.0,3.0,3.0,True
7533,105,53,3.0,3.0,3.0,True
7536,17,9,3.0,3.0,3.0,False
7537,33,17,3.0,3.0,3.0,False
7538,21,11,3.0,3.0,3.0,True
7540,53,27,3.0,3.0,3.0,False
7541,25,13,3.0,3.0,3.0,True
7547,44,22,1.0,3.0,3.0,True
7550,21,11,3.0,3.0,3.0,False
7553,41,21,3.0,3.0,3.0,False
7555,33,17,3.0,3.0,3.0,True
7559,33,17,3.0,3.0,3.0,True
7560,201,101,3.0,3.0,3.0,True
7561,67,34,3.0,3.0,3.0,True
7563,53,27,3.0,3.0,3.0,True
7569,29,15,3.0,3.0,3.0,True
7574,95,48,3.0,3.0,3.0,True
7579,83,42,3.0,3.0,3.0,True
7582,35,18,3.0,3.0,3.0,True
7583,93,47,3.0,3.0,3.0,True
7588,41,21,3.0,3.0,3.0,False
7638,75,38,3.0,3.0,3.0,True
7661,38,19,1.0,3.0,3.0,True
7669,33,17,3.0,3.0,3.0,True
7672,47,24,3.0,3.0,3.0,True
7674,33,17,3.0,3.0,3.0,False
7677,13,7,3.0,3.0,3.0,False
7679,141,70,1.0,3.0,3.0,True
7680,61,31,3.0,3.0,3.0,False
7686,34,17,1.0,3.0,3.0,False
7698,9,5,3.0,3.0,3.0,False
7701,81,41,3.0,3.0,3.0,False
7703,19,10,3.0,3.0,3.0,False
7707,41,20,0.5,3.0,3.0,False
7708,64,32,1.0,3.0,3.0,True
7713,27,14,3.0,3.0,3.0,True
7716,27,14,3.0,3.0,3.0,False
7717,67,34,3.0,3.0,3.0,True
7719,17,9,3.0,3.0,3.0,True
7720,175,88,3.0,3.0,3.0,True
7730,43,22,3.0,3.0,3.0,True
7734,67,34,3.0,3.0,3.0,True
7743,21,11,3.0,3.0,3.0,False
7749,83,42,3.0,3.0,3.0,True
7825,29,15,3.0,3.0,3.0,True
7828,9,5,3.0,3.0,3.0,False
7832,9,5,3.0,3.0,3.0,False
7845,33,17,3.0,3.0,3.0,True
7848,25,13,3.0,3.0,3.0,True
7853,57,29,3.0,3.0,3.0,True
7854,33,17,3.0,3.0,3.0,True
7855,57,29,3.0,3.0,3.0,False
7857,71,36,3.0,3.0,3.0,True
7863,33,17,3.0,3.0,3.0,True
7868,43,22,3.0,3.0,3.0,False
7869,77,39,3.0,3.0,3.0,True
7870,101,51,3.0,3.0,3.0,True
7871,235,118,3.0,3.0,3.0,True
7873,25,13,3.0,3.0,3.0,True
7874,33,17,3.0,3.0,3.0,False
7875,33,17,3.0,3.0,3.0,True
7876,155,78,3.0,3.0,3.0,True
7882,29,15,3.0,3.0,3.0,False
7895,65,33,3.0,3.0,3.0,True
7900,31,16,3.0,3.0,3.0,True
7911,77,39,3.0,3.0,3.0,False
7970,69,35,3.0,3.0,3.0,True
7971,15,8,3.0,3.0,3.0,False
7982,19,10,3.0,3.0,3.0,True
7984,35,18,3.0,3.0,3.0,True
7990,25,13,3.0,3.0,3.0,True
7993,19,10,3.0,3.0,3.0,False
7997,25,13,3.0,3.0,3.0,True
7999,17,9,3.0,3.0,3.0,False
8003,83,42,3.0,3.0,3.0,True
8010,57,29,3.0,3.0,3.0,True
8013,17,9,3.0,3.0,3.0,True
8014,77,39,3.0,3.0,3.0,True
8024,33,17,3.0,3.0,3.0,False
8030,17,9,3.0,3.0,3.0,True
8033,81,41,3.0,3.0,3.0,True
8035,33,17,3.0,3.0,3.0,False
8112,25,13,3.0,3.0,3.0,True
8116,25,13,3.0,3.0,3.0,True
8121,17,9,3.0,3.0,3.0,True
8124,43,22,3.0,3.0,3.0,True
8137,17,9,3.0,3.0,3.0,False
8146,17,9,3.0,3.0,3.0,False
8150,31,16,3.0,3.0,3.0,False
8154,83,42,3.0,3.0,3.0,False
8159,45,23,3.0,3.0,3.0,True
8161,49,25,3.0,3.0,3.0,True
8165,73,37,3.0,3.0,3.0,True
8171,17,9,3.0,3.0,3.0,True
8179,39,20,3.0,3.0,3.0,True
8181,17,9,3.0,3.0,3.0,True
8182,111,56,3.0,3.0,3.0,True
8193,11,6,3.0,3.0,3.0,False
8260,33,17,3.0,3.0,3.0,False
8263,17,9,3.0,3.0,3.0,False
8269,35,18,3.0,3.0,3.0,True
8289,25,13,3.0,3.0,3.0,False
8301,17,9,3.0,3.0,3.0,True
8304,55,28,3.0,3.0,3.0,True
8305,97,49,3.0,3.0,3.0,True
8307,73,37,3.0,3.0,3.0,False
8310,23,12,3.0,3.0,3.0,True
8311,75,38,3.0,3.0,3.0,True
8315,81,41,3.0,3.0,3.0,False
8317,19,10,3.0,3.0,3.0,True
8320,33,17,3.0,3.0,3.0,True
8322,53,27,3.0,3.0,3.0,False
8323,41,21,3.0,3.0,3.0,True
8337,25,13,3.0,3.0,3.0,True
8341,17,9,3.0,3.0,3.0,False
8403,41,21,3.0,3.0,3.0,True
8405,61,31,3.0,3.0,3.0,True
8411,9,5,3.0,3.0,3.0,False
8415,39,20,3.0,3.0,3.0,True
8416,13,7,3.0,3.0,3.0,False
8418,17,9,3.0,3.0,3.0,True
8434,65,33,3.0,3.0,3.0,False
8438,57,29,3.0,3.0,3.0,True
8441,25,13,3.0,3.0,3.0,False
8442,47,24,3.0,3.0,3.0,False
8445,11,6,3.0,3.0,3.0,False
8449,27,14,3.0,3.0,3.0,True
8450,93,47,3.0,3.0,3.0,True
8454,91,46,3.0,3.0,3.0,True
8455,91,46,3.0,3.0,3.0,True
8457,33,17,3.0,3.0,3.0,False
8463,17,9,3.0,3.0,3.0,True
8466,25,13,3.0,3.0,3.0,True
8474,27,14,3.0,3.0,3.0,True
8477,19,10,3.0,3.0,3.0,False
8485,35,18,3.0,3.0,3.0,False
8497,17,9,3.0,3.0,3.0,True
8565,19,10,3.0,3.0,3.0,True
8566,11,6,3.0,3.0,3.0,False
8580,17,9,3.0,3.0,3.0,True
8581,11,6,3.0,3.0,3.0,False
8585,73,37,3.0,3.0,3.0,True
8591,35,18,3.0,3.0,3.0,True
8599,29,15,3.0,3.0,3.0,True
8600,49,25,3.0,3.0,3.0,True
8602,123,62,3.0,3.0,3.0,True
8606,89,45,3.0,3.0,3.0,True
8609,17,9,3.0,3.0,3.0,True
8610,17,9,3.0,3.0,3.0,True
8619,57,29,3.0,3.0,3.0,True
8621,19,10,3.0,3.0,3.0,True
8623,17,9,3.0,3.0,3.0,False
8624,69,35,3.0,3.0,3.0,True
8627,73,37,3.0,3.0,3.0,False
8630,25,13,3.0,3.0,3.0,False
8632,51,26,3.0,3.0,3.0,True
8695,11,6,3.0,3.0,3.0,False
8703,11,6,3.0,3.0,3.0,False
8708,9,5,3.0,3.0,3.0,False
8711,25,13,3.0,3.0,3.0,False
8722,39,20,3.0,3.0,3.0,True
8727,47,24,3.0,3.0,3.0,True
8729,53,27,3.0,3.0,3.0,True
8734,17,9,3.0,3.0,3.0,False
8738,9,5,3.0,3.0,3.0,False
8740,29,15,3.0,3.0,3.0,True
8741,17,9,3.0,3.0,3.0,False
8744,17,9,3.0,3.0,3.0,True
8748,19,10,3.0,3.0,3.0,True
8749,19,10,3.0,3.0,3.0,False
8753,11,6,3.0,3.0,3.0,False
8814,11,6,3.0,3.0,3.0,False
8823,17,9,3.0,3.0,3.0,False
8830,11,6,3.0,3.0,3.0,False
8833,25,13,3.0,3.0,3.0,False
8834,35,18,3.0,3.0,3.0,False
8835,37,19,3.0,3.0,3.0,False
8839,11,6,3.0,3.0,3.0,False
8850,27,14,3.0,3.0,3.0,True
8853,53,27,3.0,3.0,3.0,True
8855,17,9,3.0,3.0,3.0,True
8856,99,50,3.0,3.0,3.0,True
8857,65,33,3.0,3.0,3.0,True
8862,19,10,3.0,3.0,3.0,False
8864,77,39,3.0,3.0,3.0,True
8865,51,26,3.0,3.0,3.0,False
8867,89,45,3.0,3.0,3.0,True
8871,17,9,3.0,3.0,3.0,False
8875,27,14,3.0,3.0,3.0,True
8878,31,16,3.0,3.0,3.0,False
8883,35,18,3.0,3.0,3.0,True
8889,25,13,3.0,3.0,3.0,False
8890,47,24,3.0,3.0,3.0,True
8894,17,9,3.0,3.0,3.0,True
8953,43,22,3.0,3.0,3.0,True
8956,37,19,3.0,3.0,3.0,False
8962,41,21,3.0,3.0,3.0,True
8963,57,29,3.0,3.0,3.0,True
8964,27,14,3.0,3.0,3.0,True
8966,113,57,3.0,3.0,3.0,True
8971,27,14,3.0,3.0,3.0,False
8973,49,25,3.0,3.0,3.0,True
8985,109,55,3.0,3.0,3.0,True
8986,25,13,3.0,3.0,3.0,False
8989,135,68,3.0,3.0,3.0,True
8991,25,13,3.0,3.0,3.0,True
8993,41,21,3.0,3.0,3.0,True
8995,87,44,3.0,3.0,3.0,True
8999,77,39,3.0,3.0,3.0,True
9001,41,21,3.0,3.0,3.0,True
9010,65,33,3.0,3.0,3.0,False
9014,41,21,3.0,3.0,3.0,False
9018,21,11,3.0,3.0,3.0,True
9079,33,17,3.0,3.0,3.0,True
9081,33,17,3.0,3.0,3.0,True
9083,33,17,3.0,3.0,3.0,True
9087,91,46,3.0,3.0,3.0,True
9091,33,17,3.0,3.0,3.0,True
9092,47,24,3.0,3.0,3.0,True
9093,43,22,3.0,3.0,3.0,True
9096,33,17,3.0,3.0,3.0,False
9099,63,32,3.0,3.0,3.0,True
9102,53,27,3.0,3.0,3.0,True
9103,23,12,3.0,3.0,3.0,True
9104,121,61,3.0,3.0,3.0,True
9109,45,23,3.0,3.0,3.0,False
9114,89,45,3.0,3.0,3.0,True
9120,17,9,3.0,3.0,3.0,False
9125,69,35,3.0,3.0,3.0,True
9128,49,25,3.0,3.0,3.0,True
9132,25,13,3.0,3.0,3.0,True
9171,9,5,3.0,3.0,3.0,False
9176,19,10,3.0,3.0,3.0,False
9178,21,11,3.0,3.0,3.0,False
9181,21,11,3.0,3.0,3.0,True
9184,13,7,3.0,3.0,3.0,False
9188,17,9,3.0,3.0,3.0,True
9189,15,8,3.0,3.0,3.0,False
9196,13,7,3.0,3.0,3.0,False
9203,23,12,3.0,3.0,3.0,True
9205,119,60,3.0,3.0,3.0,True
9211,37,19,3.0,3.0,3.0,False
9214,23,12,3.0,3.0,3.0,False
9216,93,47,3.0,3.0,3.0,True
9218,73,37,3.0,3.0,3.0,True
9219,71,36,3.0,3.0,3.0,True
9220,21,11,3.0,3.0,3.0,False
9221,67,34,3.0,3.0,3.0,True
9228,95,48,3.0,3.0,3.0,True
9230,71,36,3.0,3.0,3.0,True
9240,29,15,3.0,3.0,3.0,True
9243,39,20,3.0,3.0,3.0,False
9296,33,17,3.0,3.0,3.0,True
9326,73,37,3.0,3.0,3.0,False
9333,29,15,3.0,3.0,3.0,False
9334,31,16,3.0,3.0,3.0,True
9339,59,30,3.0,3.0,3.0,True
9345,29,15,3.0,3.0,3.0,True
9348,21,11,3.0,3.0,3.0,True
9405,43,22,3.0,3.0,3.0,False
9408,49,25,3.0,3.0,3.0,False
9416,48,24,1.0,3.0,3.0,True
9418,49,24,0.5833333333333334,3.0,3.0,True
9425,39,20,3.0,3.0,3.0,True
9429,33,17,3.0,3.0,3.0,True
9506,21,11,3.0,3.0,3.0,True
9509,15,8,3.0,3.0,3.0,False
9518,21,11,3.0,3.0,3.0,False
9525,19,10,3.0,3.0,3.0,True
9540,65,33,3.0,3.0,3.0,False
9541,43,22,3.0,3.0,3.0,True
9542,23,12,3.0,3.0,3.0,True
9545,15,8,3.0,3.0,3.0,False
9546,64,32,1.0,3.0,3.0,True
9548,13,7,3.0,3.0,3.0,False
9550,41,21,3.0,3.0,3.0,False
9551,21,11,3.0,3.0,3.0,True
9554,79,40,3.0,3.0,3.0,True
9558,49,25,3.0,3.0,3.0,True
9561,111,56,3.0,3.0,3.0,True
9574,23,12,3.0,3.0,3.0,True
9577,65,33,3.0,3.0,3.0,True
9583,39,20,3.0,3.0,3.0,True
9590,97,49,3.0,3.0,3.0,True
9647,31,16,3.0,3.0,3.0,True
9652,39,20,3.0,3.0,3.0,True
9659,59,30,3.0,3.0,3.0,True
9660,72,36,1.5,3.0,3.0,True
9673,64,32,1.0,3.0,3.0,True
9677,41,21,3.0,3.0,3.0,True
9678,19,10,3.0,3.0,3.0,False
9681,31,16,3.0,3.0,3.0,True
9683,127,63,0.5,3.0,3.0,True
9685,27,14,3.0,3.0,3.0,True
9691,69,35,3.0,3.0,3.0,True
9702,56,28,1.0,3.0,3.0,True
9704,66,33,1.5,3.0,3.0,True
9707,19,10,3.0,3.0,3.0,False
9764,31,16,3.0,3.0,3.0,True
9769,40,20,1.0,3.0,3.0,True
9778,41,21,3.0,3.0,3.0,True
9787,13,7,3.0,3.0,3.0,False
9791,134,67,1.0,3.0,3.0,True
9800,41,21,3.0,3.0,3.0,False
9801,25,13,3.0,3.0,3.0,False
9802,27,14,3.0,3.0,3.0,False
9804,75,38,3.0,3.0,3.0,True
9823,25,13,3.0,3.0,3.0,True
9864,61,31,3.0,3.0,3.0,True
9887,161,81,3.0,3.0,3.0,True
9888,63,32,3.0,3.0,3.0,True
9890,21,11,3.0,3.0,3.0,False
9892,51,26,3.0,3.0,3.0,False
9899,27,14,3.0,3.0,3.0,False
9904,23,12,3.0,3.0,3.0,False
9905,43,22,3.0,3.0,3.0,True
9906,13,7,3.0,3.0,3.0,False
9907,97,49,3.0,3.0,3.0,True
9909,33,17,3.0,3.0,3.0,False
9912,56,28,0.25,3.0,3.0,True
9920,39,20,3.0,3.0,3.0,True
9926,33,17,3.0,3.0,3.0,False
9961,17,9,3.0,3.0,3.0,False
9986,25,13,3.0,3.0,3.0,True
9988,23,12,3.0,3.0,3.0,True
9990,13,7,3.0,3.0,3.0,False
9995,31,16,3.0,3.0,3.0,False
9996,89,45,3.0,3.0,3.0,True
9997,75,38,3.0,3.0,3.0,True
10004,65,33,3.0,3.0,3.0,False
10006,17,9,3.0,3.0,3.0,True
10007,3,2,3.0,3.0,3.0,False
10009,25,13,3.0,3.0,3.0,False
10010,37,18,1.0,3.0,3.0,True
10011,93,46,1.0,3.0,3.0,True
10019,87,44,3.0,3.0,3.0,True
10024,11,6,3.0,3.0,3.0,False
10025,23,12,3.0,3.0,3.0,False
10029,185,92,1.0,3.0,3.0,False
10035,17,9,3.0,3.0,3.0,False
10044,75,37,1.0,3.0,3.0,True
10095,13,7,3.0,3.0,3.0,False
10100,56,28,1.0,3.0,3.0,True
10107,35,18,3.0,3.0,3.0,False
10122,74,37,1.0,3.0,3.0,True
10123,30,15,1.0,3.0,3.0,True
10126,71,36,3.0,3.0,3.0,False
10132,73,37,3.0,3.0,3.0,True
10138,125,63,3.0,3.0,3.0,True
10140,11,6,3.0,3.0,3.0,False
10143,114,57,0.23333333333333334,3.0,3.0,True
10148,124,61,1.0,3.0,3.0,True
10151,41,21,3.0,3.0,3.0,False
10159,29,15,3.0,3.0,3.0,False
10164,36,18,0.5,3.0,3.0,True
10175,47,24,3.0,3.0,3.0,False
10215,13,7,3.0,3.0,3.0,False
10234,43,22,3.0,3.0,3.0,False
10238,73,37,3.0,3.0,3.0,True
10240,61,31,3.0,3.0,3.0,True
10241,87,44,3.0,3.0,3.0,True
10242,47,23,1.0,3.0,3.0,False
10247,25,13,3.0,3.0,3.0,False
10256,81,41,3.0,3.0,3.0,True
10259,51,26,3.0,3.0,3.0,True
10263,109,55,3.0,3.0,3.0,True
10271,73,37,3.0,3.0,3.0,False
10273,123,62,3.0,3.0,3.0,True
10279,49,25,3.0,3.0,3.0,False
10280,75,38,3.0,3.0,3.0,True
10284,33,17,3.0,3.0,3.0,True
10289,45,23,3.0,3.0,3.0,True
10338,49,25,3.0,3.0,3.0,True
10340,11,6,3.0,3.0,3.0,False
10356,107,53,0.6666666666666666,3.0,3.0,True
10359,13,7,3.0,3.0,3.0,False
10361,25,13,3.0,3.0,3.0,False
10364,84,42,1.0,3.0,3.0,True
10365,37,19,3.0,3.0,3.0,False
10367,33,17,3.0,3.0,3.0,True
10383,18,9,0.43333333333333335,3.0,3.0,False
10386,9,5,3.0,3.0,3.0,False
10387,34,17,1.0,3.0,3.0,True
10391,42,21,1.0,3.0,3.0,True
10452,9,5,3.0,3.0,3.0,False
10463,15,8,3.0,3.0,3.0,False
10476,97,47,0.08333333333333333,3.0,3.0,True
10497,121,61,3.0,3.0,3.0,True
10501,59,30,3.0,3.0,3.0,True
10502,34,17,1.0,3.0,3.0,True
10505,49,25,3.0,3.0,3.0,False
10506,57,29,3.0,3.0,3.0,True
10522,61,31,3.0,3.0,3.0,True
10571,21,11,3.0,3.0,3.0,True
10576,27,14,3.0,3.0,3.0,True
10588,61,29,1.0,3.0,3.0,False
10593,21,11,3.0,3.0,3.0,False
10599,119,60,3.0,3.0,3.0,True
10600,41,21,3.0,3.0,3.0,False
10606,45,23,3.0,3.0,3.0,True
10609,91,46,3.0,3.0,3.0,False
10611,25,13,3.0,3.0,3.0,True
10616,9,5,3.0,3.0,3.0,False
10680,61,31,3.0,3.0,3.0,True
10690,10,5,1.0,3.0,3.0,False
10707,37,19,3.0,3.0,3.0,True
10708,59,30,3.0,3.0,3.0,True
10714,17,9,3.0,3.0,3.0,False
10722,13,7,3.0,3.0,3.0,False
10728,35,18,3.0,3.0,3.0,False
10732,19,10,3.0,3.0,3.0,False
10733,13,7,3.0,3.0,3.0,False
10735,13,7,3.0,3.0,3.0,False
10747,55,28,3.0,3.0,3.0,True
10748,110,54,1.0,3.0,3.0,True
10785,66,33,1.0,3.0,3.0,True
10787,43,21,0.5,3.0,3.0,True
10790,81,41,3.0,3.0,3.0,True
10795,42,21,1.0,3.0,3.0,True
10796,56,27,0.25,3.0,3.0,True
10799,16,8,1.0,3.0,3.0,False
10801,137,69,3.0,3.0,3.0,True
10803,20,10,1.0,3.0,3.0,False
10809,81,41,3.0,3.0,3.0,True
10810,130,65,1.0,3.0,3.0,True
10811,43,22,3.0,3.0,3.0,True
10813,61,31,3.0,3.0,3.0,True
10815,121,61,3.0,3.0,3.0,True
10821,33,17,3.0,3.0,3.0,True
10823,153,77,3.0,3.0,3.0,True
10830,89,45,3.0,3.0,3.0,True
10831,75,37,1.0,3.0,3.0,True
10835,31,16,3.0,3.0,3.0,False
10837,109,54,0.8666666666666667,3.0,3.0,False
10843,37,19,3.0,3.0,3.0,False
10844,57,29,3.0,3.0,3.0,True
10900,43,22,3.0,3.0,3.0,True
10905,100,50,1.0,3.0,3.0,True
10912,34,17,1.0,3.0,3.0,False
10925,48,24,0.5,3.0,3.0,False
10927,145,73,3.0,3.0,3.0,True
10928,142,71,0.5,3.0,3.0,True
10930,57,29,3.0,3.0,3.0,False
10935,103,52,3.0,3.0,3.0,True
10946,65,33,3.0,3.0,3.0,True
10950,92,46,0.5,3.0,3.0,True
10954,11,6,3.0,3.0,3.0,False
10956,118,59,0.5,3.0,3.0,True
10970,107,54,3.0,3.0,3.0,False
11031,37,19,3.0,3.0,3.0,True
11033,17,9,3.0,3.0,3.0,True
11035,31,16,3.0,3.0,3.0,True
11038,15,8,3.0,3.0,3.0,False
11039,90,45,1.0,3.0,3.0,True
11062,133,67,3.0,3.0,3.0,True
11077,33,17,3.0,3.0,3.0,True
11082,25,13,3.0,3.0,3.0,False
11141,51,26,3.0,3.0,3.0,False
11150,96,48,1.0,3.0,3.0,True
11152,24,12,1.0,3.0,3.0,True
11154,121,61,3.0,3.0,3.0,True
11157,65,33,3.0,3.0,3.0,True
11159,41,21,3.0,3.0,3.0,True
11163,134,64,0.5,3.0,3.0,True
11166,28,14,1.0,3.0,3.0,True
11167,71,36,3.0,3.0,3.0,True
11169,107,54,3.0,3.0,3.0,True
11171,51,26,3.0,3.0,3.0,True
11177,41,21,3.0,3.0,3.0,True
11189,153,76,1.0,3.0,3.0,True
11197,69,35,3.0,3.0,3.0,True
11245,51,26,3.0,3.0,3.0,True
11248,6,3,1.0,3.0,3.0,False
11272,101,51,3.0,3.0,3.0,True
11273,51,26,3.0,3.0,3.0,True
11278,35,18,3.0,3.0,3.0,False
11279,128,64,1.0,3.0,3.0,True
11282,15,8,3.0,3.0,3.0,False
11283,97,48,0.5,3.0,3.0,True
11286,97,49,3.0,3.0,3.0,True
11291,25,12,1.0,3.0,3.0,True
11294,19,10,3.0,3.0,3.0,False
11295,23,12,3.0,3.0,3.0,False
11297,63,30,1.0,3.0,3.0,True
11300,65,32,0.9166666666666666,3.0,3.0,True
11302,31,16,3.0,3.0,3.0,False
11306,77,39,3.0,3.0,3.0,False
11349,7,4,3.0,3.0,3.0,False
11353,23,12,3.0,3.0,3.0,False
11369,173,87,3.0,3.0,3.0,True
11373,25,13,3.0,3.0,3.0,True
11376,17,9,3.0,3.0,3.0,False
11380,17,9,3.0,3.0,3.0,False
11382,40,20,0.25,3.0,3.0,False
11389,19,10,3.0,3.0,3.0,False
11393,8,4,1.0,3.0,3.0,False
11394,57,29,3.0,3.0,3.0,True
11396,55,28,3.0,3.0,3.0,True
11398,83,42,3.0,3.0,3.0,True
11401,103,52,3.0,3.0,3.0,True
11402,55,28,3.0,3.0,3.0,False
11404,65,32,1.0,3.0,3.0,False
11406,51,26,3.0,3.0,3.0,True
11409,43,22,3.0,3.0,3.0,True
11410,25,13,3.0,3.0,3.0,True
11451,110,55,1.0,3.0,3.0,True
11460,9,5,3.0,3.0,3.0,False
11469,48,24,1.0,3.0,3.0,True
11472,64,32,1.0,3.0,3.0,False
11475,57,29,3.0,3.0,3.0,True
11481,123,62,3.0,3.0,3.0,True
11486,91,46,3.0,3.0,3.0,True
11489,81,41,3.0,3.0,3.0,True
11492,5,3,3.0,3.0,3.0,False
11496,51,26,3.0,3.0,3.0,True
11503,42,21,1.0,3.0,3.0,False
11504,19,10,3.0,3.0,3.0,False
11508,37,19,3.0,3.0,3.0,True
11513,31,16,3.0,3.0,3.0,True
11514,66,33,1.0,3.0,3.0,True
11516,23,12,3.0,3.0,3.0,True
11524,93,47,3.0,3.0,3.0,True
11571,39,20,3.0,3.0,3.0,True
11579,42,20,1.0,3.0,3.0,True
11581,25,13,3.0,3.0,3.0,True
11591,51,26,3.0,3.0,3.0,False
11593,40,20,0.75,3.0,3.0,True
11596,43,22,3.0,3.0,3.0,True
11597,9,5,3.0,3.0,3.0,False
11599,55,27,0.5,3.0,3.0,True
11600,30,15,1.0,3.0,3.0,True
11601,105,53,3.0,3.0,3.0,True
11603,17,9,3.0,3.0,3.0,True
11606,177,88,1.0,3.0,3.0,True
11607,108,52,0.7833333333333333,3.0,3.0,True
11613,20,10,1.0,3.0,3.0,False
11660,77,39,3.0,3.0,3.0,True
11671,7,4,3.0,3.0,3.0,False
11674,40,20,1.0,3.0,3.0,True
11676,87,43,0.5,3.0,3.0,True
11681,87,44,3.0,3.0,3.0,True
11683,15,8,3.0,3.0,3.0,False
11685,13,7,3.0,3.0,3.0,False
11692,20,10,1.5,3.0,3.0,True
11695,7,4,3.0,3.0,3.0,False
11698,105,53,3.0,3.0,3.0,True
11701,24,12,1.0,3.0,3.0,True
11704,41,21,3.0,3.0,3.0,True
11705,114,57,1.0,3.0,3.0,True
11706,19,10,3.0,3.0,3.0,False
11711,41,21,3.0,3.0,3.0,True
11712,115,58,3.0,3.0,3.0,True
11713,82,41,1.0,3.0,3.0,False
11720,27,14,3.0,3.0,3.0,True
11721,159,80,3.0,3.0,3.0,True
11734,44,22,1.0,3.0,3.0,True
11736,29,15,3.0,3.0,3.0,False
11785,49,25,3.0,3.0,3.0,True
11788,86,43,1.0,3.0,3.0,True
11791,54,25,0.25,3.0,3.0,True
11792,17,9,3.0,3.0,3.0,False
11793,91,46,3.0,3.0,3.0,True
11801,142,68,0.5,3.0,3.0,True
11805,31,16,3.0,3.0,3.0,True
11806,54,27,1.0,3.0,3.0,True
11809,179,87,0.5,3.0,3.0,True
11812,25,13,3.0,3.0,3.0,True
11816,132,64,1.0,3.0,3.0,True
11817,95,48,3.0,3.0,3.0,True
11819,109,55,3.0,3.0,3.0,True
11825,24,12,1.0,3.0,3.0,True
11837,77,39,3.0,3.0,3.0,True
11877,48,23,1.0,3.0,3.0,True
11882,12,6,1.4166666666666667,3.0,3.0,False
11884,62,31,0.5,3.0,3.0,True
11885,112,55,0.25,3.0,3.0,True
11886,87,43,0.5,3.0,3.0,False
11891,75,38,3.0,3.0,3.0,True
11892,17,9,3.0,3.0,3.0,False
11897,91,46,3.0,3.0,3.0,True
11898,111,56,3.0,3.0,3.0,True
11902,41,21,3.0,3.0,3.0,False
11906,10,5,0.5,3.0,3.0,False
11907,64,31,0.25,3.0,3.0,True
11910,51,26,3.0,3.0,3.0,True
11912,101,51,3.0,3.0,3.0,True
11914,136,68,1.0,3.0,3.0,True
11915,57,29,3.0,3.0,3.0,True
11924,55,28,3.0,3.0,3.0,True
11926,68,34,1.3333333333333333,3.0,3.0,True
11932,17,9,3.0,3.0,3.0,False
11934,32,16,1.0,3.0,3.0,False
11936,16,8,1.0,3.0,3.0,False
11939,27,14,3.0,3.0,3.0,True
11943,92,45,0.5,3.0,3.0,True
11944,20,10,1.0,3.0,3.0,False
11946,35,18,3.0,3.0,3.0,False
11951,65,33,3.0,3.0,3.0,False
11954,83,42,3.0,3.0,3.0,True
11956,85,43,3.0,3.0,3.0,True
11961,71,36,3.0,3.0,3.0,True
11987,74,37,1.5,3.0,3.0,True
11997,25,13,3.0,3.0,3.0,True
11998,34,17,0.75,3.0,3.0,True
12003,45,23,3.0,3.0,3.0,False
12015,51,26,3.0,3.0,3.0,True
12017,88,43,0.6666666666666666,3.0,3.0,True
12021,123,62,3.0,3.0,3.0,True
12025,113,57,3.0,3.0,3.0,True
12026,123,62,3.0,3.0,3.0,True
12037,47,24,3.0,3.0,3.0,True
12087,46,23,1.0,3.0,3.0,True
12099,45,23,3.0,3.0,3.0,True
12106,81,40,0.5,3.0,3.0,False
12107,40,20,1.5,3.0,3.0,True
12111,53,26,0.25,3.0,3.0,False
12113,28,14,0.5,3.0,3.0,True
12115,51,26,3.0,3.0,3.0,False
12116,20,10,1.0,3.0,3.0,True
12122,7,4,3.0,3.0,3.0,False
12123,15,8,3.0,3.0,3.0,False
12124,37,19,3.0,3.0,3.0,False
12125,26,13,1.0,3.0,3.0,False
12126,61,31,3.0,3.0,3.0,False
12133,51,26,3.0,3.0,3.0,True
12136,108,53,0.25,3.0,3.0,True
12150,48,24,1.0,3.0,3.0,False
12183,17,9,3.0,3.0,3.0,False
12190,145,73,3.0,3.0,3.0,True
12195,35,18,3.0,3.0,3.0,True
12196,57,27,0.3333333333333333,3.0,3.0,True
12200,27,14,3.0,3.0,3.0,True
12209,110,52,0.25,3.0,3.0,True
12212,95,47,1.0,3.0,3.0,True
12213,95,47,1.0,3.0,3.0,True
12214,119,58,1.0,3.0,3.0,True
12215,65,33,3.0,3.0,3.0,False
12224,45,23,3.0,3.0,3.0,True
12225,67,34,3.0,3.0,3.0,True
12230,15,8,3.0,3.0,3.0,False
12232,27,14,3.0,3.0,3.0,False
12234,63,32,3.0,3.0,3.0,True
12235,14,7,0.5,3.0,3.0,False
12243,70,35,1.0,3.0,3.0,False
12282,29,15,3.0,3.0,3.0,True
12305,51,26,3.0,3.0,3.0,False
12306,88,44,1.0,3.0,3.0,True
12308,14,7,0.5,3.0,3.0,False
12313,22,11,3.0,3.0,3.0,True
12316,22,11,0.5,3.0,3.0,False
12320,95,48,3.0,3.0,3.0,True
12327,13,7,3.0,3.0,3.0,False
12331,73,37,3.0,3.0,3.0,True
12333,45,23,3.0,3.0,3.0,False
12342,57,29,3.0,3.0,3.0,True
12387,60,30,1.0,3.0,3.0,False
12388,24,12,1.0,3.0,3.0,True
12393,32,15,0.5,3.0,3.0,True
12394,47,24,3.0,3.0,3.0,True
12397,63,32,3.0,3.0,3.0,True
12400,101,51,3.0,3.0,3.0,True
12402,106,53,1.0,3.0,3.0,True
12406,47,24,3.0,3.0,3.0,True
12408,59,30,3.0,3.0,3.0,False
12410,53,26,1.0,3.0,3.0,True
12412,119,60,3.0,3.0,3.0,True
12413,101,51,3.0,3.0,3.0,True
12415,39,19,0.75,3.0,3.0,False
12417,73,37,3.0,3.0,3.0,True
12419,28,14,1.0,3.0,3.0,False
12420,21,11,3.0,3.0,3.0,False
12422,93,47,3.0,3.0,3.0,True
12424,39,20,3.0,3.0,3.0,False
12430,56,28,0.5,3.0,3.0,False
12432,103,51,1.0,3.0,3.0,True
12433,17,9,3.0,3.0,3.0,True
12476,24,12,1.0,3.0,3.0,False
12480,57,29,3.0,3.0,3.0,True
12482,25,13,3.0,3.0,3.0,True
12486,26,13,0.5,3.0,3.0,True
12488,47,24,3.0,3.0,3.0,True
12491,37,19,3.0,3.0,3.0,True
12492,29,15,3.0,3.0,3.0,True
12495,31,15,0.5,3.0,3.0,False
12497,78,37,0.5833333333333334,3.0,3.0,True
12499,17,9,3.0,3.0,3.0,False
12500,25,13,3.0,3.0,3.0,True
12501,127,64,3.0,3.0,3.0,True
12503,27,14,3.0,3.0,3.0,True
12505,40,20,1.5,3.0,3.0,True
12507,82,41,0.5,3.0,3.0,True
12508,44,22,1.0,3.0,3.0,False
12511,116,58,1.0,3.0,3.0,True
12514,129,65,3.0,3.0,3.0,True
12523,60,30,1.0,3.0,3.0,False
12526,55,28,3.0,3.0,3.0,True
12559,39,20,3.0,3.0,3.0,True
12562,63,31,1.0,3.0,3.0,True
12568,61,31,3.0,3.0,3.0,True
12569,33,17,3.0,3.0,3.0,True
12579,74,36,0.25,3.0,3.0,False
12581,41,21,3.0,3.0,3.0,False
12584,75,38,3.0,3.0,3.0,False
12587,50,25,0.5,3.0,3.0,True
12590,96,48,1.0,3.0,3.0,True
12591,23,12,3.0,3.0,3.0,False
12593,117,59,3.0,3.0,3.0,True
12594,43,22,3.0,3.0,3.0,True
12595,83,42,3.0,3.0,3.0,True
12598,191,96,3.0,3.0,3.0,True
12607,25,13,3.0,3.0,3.0,False
12611,21,11,3.0,3.0,3.0,True
12613,111,56,3.0,3.0,3.0,True
12617,82,40,0.5,3.0,3.0,True
12618,39,20,3.0,3.0,3.0,True
12654,20,10,1.1666666666666667,3.0,3.0,False
12656,26,13,1.0,3.0,3.0,True
12659,43,21,0.75,3.0,3.0,False
12666,25,13,3.0,3.0,3.0,False
12668,101,51,3.0,3.0,3.0,True
12679,39,20,3.0,3.0,3.0,False
12685,12,6,1.25,3.0,3.0,False
12690,71,36,3.0,3.0,3.0,True
12692,7,4,3.0,3.0,3.0,False
12693,91,46,3.0,3.0,3.0,True
12694,42,21,0.75,3.0,3.0,False
12701,65,33,3.0,3.0,3.0,True
12705,25,13,3.0,3.0,3.0,True
12716,41,21,3.0,3.0,3.0,True
12724,51,26,3.0,3.0,3.0,True
12772,91,45,0.25,3.0,3.0,True
12779,33,17,3.0,3.0,3.0,False
12785,92,46,1.0,3.0,3.0,True
12793,77,39,3.0,3.0,3.0,True
12794,23,11,1.0,3.0,3.0,False
12801,93,47,3.0,3.0,3.0,True
12810,26,13,0.8333333333333334,3.0,3.0,True
12812,73,35,0.5,3.0,3.0,True
12814,72,36,1.0,3.0,3.0,False
12852,54,27,1.0,3.0,3.0,True
12858,42,21,1.25,3.0,3.0,True
12871,29,15,3.0,3.0,3.0,True
12889,61,31,3.0,3.0,3.0,False
12892,31,16,3.0,3.0,3.0,False
12894,61,31,3.0,3.0,3.0,False
12897,33,17,3.0,3.0,3.0,False
12899,25,13,3.0,3.0,3.0,True
12902,37,19,3.0,3.0,3.0,False
12903,101,51,3.0,3.0,3.0,False
12910,148,74,1.0,3.0,3.0,True
12926,39,20,3.0,3.0,3.0,True
12939,82,41,1.25,3.0,3.0,True
12956,110,55,0.5,3.0,3.0,True
12958,28,14,1.0,3.0,3.0,True
12959,22,11,1.0,3.0,3.0,False
12975,37,18,0.5,3.0,3.0,False
12984,61,31,3.0,3.0,3.0,True
12989,105,53,3.0,3.0,3.0,True
12993,41,21,3.0,3.0,3.0,True
12994,91,45,0.5,3.0,3.0,True
13003,41,21,3.0,3.0,3.0,True
13004,107,54,3.0,3.0,3.0,True
13005,65,33,3.0,3.0,3.0,True
13007,59,30,3.0,3.0,3.0,True
13012,94,47,1.0,3.0,3.0,True
13015,123,62,3.0,3.0,3.0,True
13026,73,36,0.5,3.0,3.0,False
13053,53,27,3.0,3.0,3.0,True
13066,15,7,1.0,3.0,3.0,False
13067,38,19,1.0,3.0,3.0,True
13070,17,9,3.0,3.0,3.0,False
13074,13,7,3.0,3.0,3.0,False
13088,20,10,0.25,3.0,3.0,True
13090,33,16,0.75,3.0,3.0,False
13093,55,28,3.0,3.0,3.0,True
13094,141,70,1.0,3.0,3.0,True
13100,123,59,0.25,3.0,3.0,True
13103,169,85,3.0,3.0,3.0,True
13105,33,17,3.0,3.0,3.0,False
13111,125,63,3.0,3.0,3.0,True
13112,131,65,1.25,3.0,3.0,True
13115,62,31,0.6666666666666666,3.0,3.0,True
13117,92,46,1.0,3.0,3.0,True
13126,12,6,1.0,3.0,3.0,False
13130,41,21,3.0,3.0,3.0,True
13167,49,25,3.0,3.0,3.0,True
13182,103,52,3.0,3.0,3.0,True
13183,99,50,3.0,3.0,3.0,True
13195,63,32,3.0,3.0,3.0,True
13207,35,18,3.0,3.0,3.0,True
13213,156,78,0.75,3.0,3.0,True
13215,44,21,0.25,3.0,3.0,True
13218,61,31,3.0,3.0,3.0,False
13219,83,42,3.0,3.0,3.0,True
13222,77,39,3.0,3.0,3.0,True
13227,54,27,0.5,3.0,3.0,False
13228,9,5,3.0,3.0,3.0,False
13229,177,89,3.0,3.0,3.0,True
13237,74,37,0.5,3.0,3.0,True
13239,35,18,3.0,3.0,3.0,False
13244,71,36,3.0,3.0,3.0,True
13291,47,24,3.0,3.0,3.0,True
13295,9,5,3.0,3.0,3.0,False
13308,49,25,3.0,3.0,3.0,True
13310,133,64,0.5,3.0,3.0,True
13312,27,14,3.0,3.0,3.0,True
13318,69,35,3.0,3.0,3.0,True
13319,16,8,0.5,3.0,3.0,False
13323,65,33,3.0,3.0,3.0,True
13326,89,45,3.0,3.0,3.0,True
13328,14,7,0.25,3.0,3.0,False
13330,47,23,1.0,3.0,3.0,True
13331,93,47,3.0,3.0,3.0,True
13336,49,25,3.0,3.0,3.0,True
13338,25,13,3.0,3.0,3.0,False
13343,29,15,3.0,3.0,3.0,True
13346,43,22,3.0,3.0,3.0,True
13347,19,10,3.0,3.0,3.0,True
13358,67,34,3.0,3.0,3.0,True
13394,35,18,3.0,3.0,3.0,True
13396,12,6,1.5,3.0,3.0,False
13400,87,43,1.0,3.0,3.0,True
13402,23,12,3.0,3.0,3.0,True
13405,43,22,3.0,3.0,3.0,True
13406,52,26,1.0,3.0,3.0,True
13412,44,22,0.5,3.0,3.0,False
13413,33,16,0.75,3.0,3.0,True
13414,66,32,0.16666666666666666,3.0,3.0,True
13416,27,14,3.0,3.0,3.0,False
13422,47,24,3.0,3.0,3.0,False
13424,13,7,3.0,3.0,3.0,False
13428,79,38,0.5,3.0,3.0,True
13429,41,21,3.0,3.0,3.0,True
13435,53,27,3.0,3.0,3.0,True
13436,23,12,3.0,3.0,3.0,False
13438,63,32,3.0,3.0,3.0,True
13439,174,87,0.16666666666666666,3.0,3.0,True
13441,97,49,3.0,3.0,3.0,True
13442,54,27,0.75,3.0,3.0,True
13445,47,24,3.0,3.0,3.0,False
13447,33,17,3.0,3.0,3.0,False
13448,66,33,0.25,3.0,3.0,True
13453,38,19,1.25,3.0,3.0,False
13456,59,29,1.0,3.0,3.0,True
13463,81,41,3.0,3.0,3.0,True
13468,46,23,0.9166666666666666,3.0,3.0,True
13470,110,54,0.08333333333333333,3.0,3.0,True
13474,65,33,3.0,3.0,3.0,True
13476,50,25,0.6666666666666666,3.0,3.0,False
13522,33,17,3.0,3.0,3.0,True
13528,19,10,3.0,3.0,3.0,True
13530,44,22,1.5,3.0,3.0,True
13533,12,6,0.6666666666666666,3.0,3.0,False
13534,80,39,0.5,3.0,3.0,True
13552,87,43,1.0,3.0,3.0,True
13553,71,34,0.5,3.0,3.0,False
13554,81,40,0.3333333333333333,3.0,3.0,True
13558,77,38,0.5833333333333334,3.0,3.0,True
13559,41,21,3.0,3.0,3.0,False
13560,25,13,3.0,3.0,3.0,True
13561,90,45,0.5,3.0,3.0,True
13566,18,9,1.25,3.0,3.0,True
13568,40,20,0.5,3.0,3.0,True
13569,85,43,3.0,3.0,3.0,True
13570,43,22,3.0,3.0,3.0,True
13571,31,16,3.0,3.0,3.0,False
13574,117,59,3.0,3.0,3.0,True
13577,43,22,3.0,3.0,3.0,False
13586,107,54,3.0,3.0,3.0,True
13630,33,17,3.0,3.0,3.0,True
13633,107,54,3.0,3.0,3.0,False
13636,10,5,0.5,3.0,3.0,False
13656,123,62,3.0,3.0,3.0,True
13657,103,52,3.0,3.0,3.0,True
13663,115,55,0.75,3.0,3.0,True
13665,67,34,3.0,3.0,3.0,True
13669,74,35,0.08333333333333333,3.0,3.0,True
13670,23,12,3.0,3.0,3.0,False
13672,23,12,3.0,3.0,3.0,False
13677,19,10,3.0,3.0,3.0,False
13679,36,17,0.5,3.0,3.0,False
13680,35,18,3.0,3.0,3.0,False
13690,46,23,0.5,3.0,3.0,False
13691,41,21,3.0,3.0,3.0,True
13693,47,22,1.0,3.0,3.0,True
13717,29,15,3.0,3.0,3.0,True
13721,46,23,0.25,3.0,3.0,False
13722,47,24,3.0,3.0,3.0,False
13726,115,58,3.0,3.0,3.0,True
13738,133,67,3.0,3.0,3.0,True
13739,59,30,3.0,3.0,3.0,True
13740,170,85,1.0,3.0,3.0,True
13741,17,9,3.0,3.0,3.0,True
13745,104,52,0.25,3.0,3.0,True
13747,33,17,3.0,3.0,3.0,True
13749,133,67,3.0,3.0,3.0,True
13751,108,54,1.0,3.0,3.0,True
13753,91,46,3.0,3.0,3.0,True
13754,91,46,3.0,3.0,3.0,True
13757,28,14,1.25,3.0,3.0,True
13758,108,54,1.25,3.0,3.0,False
13761,31,16,3.0,3.0,3.0,False
13766,49,25,3.0,3.0,3.0,False
13769,106,53,1.25,3.0,3.0,True
13774,10,5,1.5,3.0,3.0,False
